"";"Coord. facteur 1";"Coord. facteur 2";"Corr. facteur 1";"Corr. facteur 2";"COR -facteur 1";"COR -facteur 2";"CTR -facteur 1";"CTR -facteur 2";"mass";"chi.distance";"inertie"
"femme";-0,149960552433056;0,21832163036826;-0,566181207804602;0,824280801625831;0,346310290349781;0,653689709650214;0,00197264625316029;0,00418108195496976;0,087719298245614;0,161991100839735;0,00230185234660255
"droit";0,00428407230237189;0,553169507596299;0,00774436004291276;0,999970011994123;6,73443378336584e-05;0,999932655662167;7,38676722586221e-07;0,0123156487732084;0,0402476780185759;0,331858596129494;0,00443248192484676
"égalité";-1,82397675947597;-0,192068940271204;-0,994501399949158;-0,104723280597798;0,990221442598116;0,00977855740188151;0,0343332427152574;0,000380706685416957;0,0103199174406605;1,1651986170859;0,0140112261843022
"agir";-0,372575123272071;0,174080869227257;-0,905985042748568;0,423309700238343;0,837226364054122;0,162773635945876;0,00214879601364086;0,000469104474162808;0,0154798761609907;0,258844671600156;0,001037160433681
"prendre";-0,696384475412096;-1,3727203963339;-0,452415938443421;-0,891807052361865;0,22419253955142;0,775807460448579;0,00650605509673348;0,0252803887767226;0,0134158926728586;0,934943412305203;0,011727089158687
"loi";-1,32493019415081;-0,125270920238088;-0,995559983157821;-0,0941292724650517;0,992101629769772;0,00789837023022549;0,0144927968575645;0,000129558748873456;0,00825593395252838;0,845593701207951;0,00590322978346799
"permettre";0,733642513089204;0,273041556138145;0,93719750893805;0,348799124483295;0,890190872342211;0,109809127657786;0,00833175444290779;0,0011540509501291;0,0154798761609907;0,494299014715904;0,0037822216091194
"professionnel";-1,70336596413916;-0,00404718419438549;-0,999997177342554;-0,00237598546394358;0,999994972470696;5,02752930121681e-06;0,0449141734951662;2,53555726057024e-07;0,0154798761609907;1,08281903131788;0,0181501092040897
"premier";-1,17340739624379;0,473782942044506;-0,9272673860506;0,374399779336057;0,873219768460743;0,126780231539254;0,00994653707215419;0,00162156030258662;0,00722394220846233;0,798240695916201;0,00460301079496126
"vie";-1,7893226230863;-0,228353736793225;-0,991954683198105;-0,126593469347144;0,985702776603908;0,0142972233960886;0,029736923679459;0,000484322870966837;0,00928792569659443;1,14567776978148;0,0121911227755863
"homme";-0,805073146115904;0,312622281848631;-0,932185151250366;0,361981827980815;0,881610613633312;0,118389386366686;0,0100331698234824;0,00151288995523599;0,0154798761609907;0,5450593061097;0,0045989109470091
"politique";0,314025516716797;0,998138226726124;0,300109199605471;0,953904852861208;0,100025746785984;0,899974253214015;0,00111943475401627;0,0113096791704558;0,0113519091847265;0,63118382514153;0,00452252139558641
"pays";0,620261704679272;1,10609372651352;0,489113074306108;0,872220385305702;0,260957023070182;0,739042976929817;0,0043673585193065;0,0138884175956224;0,0113519091847265;0,771857799604252;0,00676306407730556
"ministre";-0,114705146430666;0,847000527023776;-0,134200096943475;0,990954254231931;0,0201780333029048;0,979821966697095;6,78909732594451e-05;0,00370180543229388;0,00515995872033024;0,513322510708424;0,00135964912280702
"mettre";1,20498677032456;0,82721115001683;0,824430528591878;0,565963164460123;0,704376073762716;0,295623926237282;0,0134860041794788;0,00635552588277554;0,00928792569659443;0,912697381198968;0,007736995445642
"ensemble";0,954401475980823;0,888108365911027;0,732074633425286;0,681224435186549;0,564606254625598;0,4353937453744;0,012220297529006;0,0105816038233385;0,0134158926728586;0,807430374920246;0,00874640818830758
"enfant";0,546438173081216;-1,1024847825102;0,444087378636283;-0,895983482066469;0,216207663496034;0,783792336503966;0,003697766897837;0,0150522934447872;0,0123839009287926;0,747054544996867;0,00691133737709568
"combat";0,858445406427862;1,19005911523704;0,585023888647873;0,811016060082241;0,368798706159307;0,631201293840692;0,00684453729861081;0,0131539383692765;0,00928792569659443;0,898596680671051;0,00749977703882073
"société";-0,476537532441081;0,282935258793321;-0,859861794401544;0,510526879339919;0,761069738917063;0,238930261082934;0,00234352961635742;0,000826133753028313;0,0103199174406605;0,347241567425002;0,00124434165271179
"social";-0,212469412976609;0,0850183212888816;-0,928430641881161;0,371505778173281;0,875202081911311;0,124797918088687;0,000559049553568107;8,95122595019133e-05;0,0123839009287926;0,144374026991483;0,000258128293123683
"liberté";1,14192470150715;-0,297319704691057;0,967735914778489;-0,251966662969212;0,943064810075501;0,0569351899244959;0,014802799033059;0,00100349749718612;0,0113519091847265;0,747504000024873;0,00634301809141903
"travail";-1,39691455485009;-0,276563685134744;-0,980959549773927;-0,194212156435518;0,966270032992244;0,033729967007753;0,0261793741549807;0,00102614771430241;0,0134158926728586;0,903373632489007;0,0109484942811073
"temps";-0,403157167499506;-1,67974559767408;-0,233382927587856;-0,972384907899399;0,0607539266001335;0,939246073399866;0,00150961952049125;0,0262063028443231;0,00928792569659443;1,03976221846785;0,0100412272843949
"gouvernement";-0,476537532441081;0,282935258793321;-0,859861794401544;0,510526879339919;0,761069738917063;0,238930261082934;0,00234352961635742;0,000826133753028313;0,0103199174406605;0,347241567425002;0,00124434165271179
"france";0,109868058075148;0,92616789353453;0,117800539138082;0,993037276731733;0,0155556386369169;0,984444361363082;7,47429732829981e-05;0,00531137440875658;0,00619195046439628;0,559982363037962;0,00194167335550204
"action";0,751505785234618;1,15236036927954;0,546250652588727;0,837621766996531;0,323205159014431;0,676794840985568;0,00407980043001826;0,00959292151166416;0,00722394220846233;0,840310923991585;0,00510098776352646
"rester";-0,910919235133098;0,566316227576556;-0,849256424324216;0,527980611144052;0,743930692344054;0,256069307655943;0,00941951742238406;0,00364071699255104;0,0113519091847265;0,671367722575667;0,00511669846035171
"fille";1,00571063286155;-2,72630635086009;0,346093769624939;-0,938199926788955;0,132548599155363;0,867451400844637;0,01148193255682;0,0843758612034478;0,0113519091847265;1,75603146714117;0,035005275180072
"cas";-1,17340739624379;0,473782942044506;-0,9272673860506;0,374399779336057;0,873219768460743;0,126780231539254;0,00994653707215419;0,00162156030258662;0,00722394220846233;0,798240695916201;0,00460301079496126
"aller";0,895874273845498;1,20325367632217;0,597195090796627;0,802096018895748;0,383652804464026;0,616347195535973;0,00828266991267491;0,0149413767758804;0,0103199174406605;0,919442766027337;0,00872420020639835
"également";1,09652001195862;-1,10698192008074;0,703741608701054;-0,710456014249195;0,52420729726465;0,475792702735348;0,0136490376706739;0,0139107313573189;0,0113519091847265;0,962746291428885;0,0105218623717862
"voir";-1,61605194113795;-0,409777719403332;-0,969323455226893;-0,245788606625688;0,945840960603269;0,0541590393967285;0,0161710456746485;0,00103973857163712;0,00619195046439629;1,05631410687626;0,00690897518505131
"simplement";1,15781634284914;-0,0139379293046698;0,999927549736539;-0,0120372454440605;0,999870958945944;0,000129041054053056;0,0138342485425032;2,00480777401418e-06;0,0103199174406605;0,736062210381821;0,00559120307071384
"familial";-0,282301031937996;-0,459254682807472;-0,523670528078233;-0,851920875446931;0,297890094181282;0,702109905818717;0,000575703930271211;0,0015236367861343;0,00722394220846233;0,328799583077828;0,000780974366176548
"année";-2,13586398698299;0,134494228426989;-0,998023299275599;0,0628450006209586;0,996481188543182;0,00351881145681551;0,0141235757612721;5,60021593813345e-05;0,00309597523219814;1,36014705087354;0,00572755417956657
"état";0,780443598091201;0,616923140800232;0,784499601969228;0,620129320795366;0,64247728588742;0,357522714112578;0,00502862505512108;0,00314216026134013;0,00825593395252838;0,618955543207269;0,00316289753945928
"éducation";0,746038798335337;-1,46863163446377;0,45289787275547;-0,891562402108551;0,224658685368979;0,77534131463102;0,00574379658020262;0,022258811947861;0,0103199174406605;1,00056804931988;0,0103316452148586
"vivre";1,07665546028114;-1,46120913931372;0,5931901258787;-0,805062404140208;0,378736840742254;0,621263159257745;0,00957017114677551;0,0176275100005279;0,00825593395252838;1,11212804981042;0,0102111768765748
"seulement";1,23273408060422;1,3220047260883;0,681982004867717;0,731368952743148;0,494017022091056;0,505982977908942;0,0141142413017009;0,016232475193187;0,00928792569659443;1,11492401335497;0,0115454076367389
"lutte";0,0682470926556593;0,183977529427324;0,347795014587473;0,937570598850081;0,133835771155975;0,866164228844025;2,88400350213631e-05;0,000209583475753449;0,00619195046439629;0,118589127978393;8,70797602147103e-05
"grand";1,23273408060422;1,3220047260883;0,681982004867717;0,731368952743148;0,494017022091056;0,505982977908942;0,00627299613408929;0,00721443341919423;0,00412796697626419;1,11492401335497;0,00513129228299507
"famille";0,588059138500706;-0,360294418402996;0,852684530426634;-0,522426158965179;0,749455144283645;0,250544855716353;0,00214126037383401;0,000803789894317976;0,00619195046439629;0,431812295369222;0,00115456259091044
"venir";-0,451564953189387;0,728249477257644;-0,526982050637329;0,849876413548509;0,301544810233;0,698455189766998;0,000841737489985277;0,0021892561449991;0,00412796697626419;0,522746486252073;0,00112802430913886
"problème";-1,35614591821542;-0,681913693318492;-0,893412808509774;-0,449236634292749;0,816212487770697;0,1837875122293;0,0151837502703187;0,00383906117758734;0,00825593395252838;0,954226837742484;0,00751743123110853
"particulier";-0,493185918608876;-0,0139408868495611;-0,999600727582578;-0,0282557147561611;0,999288921865318;0,000711078134679836;0,00150608266448348;1,20339520837316e-06;0,00619195046439629;0,313625924918283;0,000609047806692561
"international";0,109868058075148;0,92616789353453;0,117800539138082;0,993037276731733;0,0155556386369169;0,984444361363082;7,47429732829981e-05;0,00531137440875658;0,00619195046439628;0,559982363037962;0,00194167335550204
"emploi";-0,903855435702406;0,0231678919695763;-0,999671654434033;0,025623881851169;0,999415226295249;0,0005847737047487;0,0067447236214554;4,43138260733919e-06;0,00825593395252838;0,57474184351692;0,00272716769196473
"domaine";-0,210950805504586;0,813071655662024;-0,251134445524887;0,967952214869571;0,070273736985809;0,929726263014191;0,000321467178948645;0,0047756435714003;0,00722394220846233;0,505861336346214;0,00184857568758498
"tâche";0,504817207661727;-1,84467514661741;0,263956328866149;-0,964534632064347;0,0775702226755077;0,922429777324492;0,00157795921455965;0,021070132486365;0,00619195046439628;1,15221481371228;0,00822042710178341
"passer";0,644480445584503;-0,756129138424701;0,648682495147007;-0,761059143884267;0,449265483354222;0,550734516645777;0,00300050083920082;0,00413015368196509;0,00722394220846233;0,611230534233597;0,0026988847903575
"nom";-2,13586398698299;0,134494228426989;-0,998023299275599;0,0628450006209586;0,996481188543182;0,0035188114568155;0,0282471515225442;0,000112004318762669;0,00619195046439629;1,36014705087354;0,0114551083591331
"monde";1,19705896738751;0,685841556853553;0,867678094582332;0,497126466990015;0,773792176051389;0,226207823948609;0,0103515492258205;0,00339798811945421;0,00722394220846233;0,86506790727769;0,00540598285801096
"jeune";0,983008288087285;-3,13113745855493;0,299531659993268;-0,954086361217724;0,09964532583347;0,90035467416653;0,0079777526889436;0,0809413563208739;0,00825593395252838;1,97959130274113;0,0323532031033092
"fois";1,1257087409541;-0,586484781615943;0,886856577728579;-0,462044814427726;0,805328898933248;0,19467110106675;0,00915432526958031;0,00248477894062921;0,00722394220846233;0,797418339775223;0,00459353153794542
"dignité";1,23273408060422;1,3220047260883;0,681982004867717;0,731368952743148;0,494017022091056;0,505982977908942;0,00470474710056697;0,00541082506439567;0,00309597523219814;1,11492401335497;0,0038484692122463
"corps";1,23273408060422;1,3220047260883;0,681982004867717;0,731368952743148;0,494017022091056;0,505982977908942;0,00784124516761161;0,00901804177399278;0,00515995872033024;1,11492401335497;0,00641411535374384
"cause";1,23273408060422;1,3220047260883;0,681982004867717;0,731368952743148;0,494017022091056;0,505982977908942;0,00627299613408929;0,00721443341919423;0,00412796697626419;1,11492401335497;0,00513129228299507
"serment";1,23273408060422;1,3220047260883;0,681982004867717;0,731368952743148;0,494017022091056;0,505982977908942;0,00627299613408929;0,00721443341919423;0,00412796697626419;1,11492401335497;0,00513129228299507
"sentir";1,19705896738751;0,685841556853553;0,867678094582332;0,497126466990015;0,773792176051389;0,226207823948609;0,0103515492258205;0,00339798811945421;0,00722394220846233;0,86506790727769;0,00540598285801096
"rôle";-0,788424759948108;0,609498427491513;-0,791158212290505;0,611611545938508;0,652647654993619;0,347352345006379;0,00320750052682783;0,00191686446395577;0,00515995872033024;0,620394139953698;0,00198601077858044
"place";0,0266261272361701;-0,558212834679881;0,0476447109657542;-0,998864345903381;0,00254824678576036;0,997451753214239;2,19489365819418e-06;0,000964710739323061;0,00309597523219814;0,335300409491065;0,000348069240262773
"nombre";-1,51208953196894;-0,518632108969396;-0,9459072844761;-0,324437065045056;0,905167040667865;0,0948329593321324;0,0117978057414347;0,00138792190120765;0,00515995872033024;1,01032235897041;0,00526703441194805
"dernier";-2,13586398698299;0,134494228426989;-0,998023299275599;0,0628450006209585;0,996481188543182;0,0035188114568155;0,0188314343483628;7,46695458417791e-05;0,00412796697626419;1,36014705087354;0,00763673890608875
"comprendre";-0,493185918608876;-0,0139408868495611;-0,999600727582578;-0,0282557147561611;0,999288921865318;0,000711078134679836;0,00150608266448348;1,20339520837316e-06;0,00619195046439629;0,313625924918283;0,000609047806692561
"appeler";0,983008288087285;-3,13113745855493;0,299531659993268;-0,954086361217724;0,09964532583347;0,900354674166529;0,0039888763444718;0,0404706781604369;0,00412796697626419;1,97959130274113;0,0161766015516546
"trouver";0,109868058075148;0,92616789353453;0,117800539138082;0,993037276731733;0,0155556386369169;0,984444361363083;3,73714866414991e-05;0,00265568720437829;0,00309597523219814;0,559982363037962;0,000970836677751023
"situation";0,390584563707416;1,02512710167297;0,356043052522395;0,93446955260754;0,140160414310253;0,859839585689747;0,000629747374227091;0,00433802094771694;0,00412796697626419;0,663207169744116;0,0018156604747162
"sexe";-0,164650304934053;-0,0436279099048711;-0,966641288561942;-0,256133986903943;0,941152180856755;0,0588478191432421;0,000139885051160354;9,82143716546723e-06;0,00515995872033024;0,107889563556546;6,00627343881418e-05
"réforme";-1,01299796445392;0,530331060980759;-0,885934654127765;0,463810078173726;0,803802627225331;0,196197372774666;0,00317698104020988;0,000870746236040179;0,00309597523219814;0,718258353051599;0,00159719833352444
"question";0,671301069339684;1,12408630981142;0,512725212223148;0,858552768763067;0,28595333804681;0,714046661953189;0,002790372295335;0,00782396304585415;0,00619195046439629;0,798025147349674;0,00394330734243015
"principe";-2,13586398698299;0,134494228426989;-0,998023299275599;0,0628450006209586;0,996481188543182;0,00351881145681551;0,0141235757612721;5,60021593813345e-05;0,00309597523219814;1,36014705087354;0,00572755417956657
"plan";1,10787118434575;-0,904566366233317;0,774598953161779;-0,632452734803697;0,627469550111571;0,372530449888427;0,00506657816761057;0,00337766898212816;0,00412796697626419;0,889077792075007;0,00326298997053032
"notamment";0,0266261272361701;-0,558212834679881;0,0476447109657542;-0,998864345903381;0,00254824678576036;0,997451753214239;2,19489365819418e-06;0,000964710739323061;0,00309597523219814;0,335300409491065;0,000348069240262773
"montrer";0,328153115578182;-0,088158444487836;0,96575633641879;-0,259450763473453;0,939606843608903;0,0603931563910944;0,000444517924721024;3,20821933313307e-05;0,00412796697626419;0,215203965476729;0,000191177489192608
"ivg";1,13284376359745;-0,459252147768993;0,926741785424516;-0,375698899583402;0,872324591801265;0,127675408198733;0,00662195558679889;0,00108829997538923;0,00515995872033024;0,771041552798636;0,00306762165192018
"important";0,109868058075148;0,92616789353453;0,117800539138082;0,993037276731733;0,0155556386369169;0,984444361363083;3,73714866414991e-05;0,00265568720437829;0,00309597523219814;0,559982363037962;0,000970836677751023
"formation";-1,05461892987341;-0,211859303126446;-0,980413070728049;-0,196952305763595;0,965307436699129;0,0346925633008684;0,00688681787769251;0,000277921760502932;0,00619195046439628;0,682353714103777;0,00288301294830476
"exemple";-1,57443097571846;0,332412644703874;-0,978430167924969;0,206577846087903;0,961817253268058;0,038182746731939;0,0153488105096085;0,000684199172501697;0,00619195046439629;1,02052621986507;0,00644875396552383
"développement";1,19111311518473;0,579814361981095;0,89912996317949;0,437681744322115;0,825745194936422;0,174254805063575;0,00878483252733791;0,0020816389743625;0,00619195046439629;0,833252839692085;0,00429913495266206
"définir";-1,01299796445392;0,530331060980759;-0,885934654127765;0,463810078173726;0,803802627225331;0,196197372774666;0,00317698104020988;0,000870746236040179;0,00309597523219814;0,718258353051599;0,00159719833352444
"considérer";0,629680103920195;0,381895945704209;0,855034293055669;0,518571458623392;0,75325046393641;0,246749536063588;0,00245508998930618;0,000903062002138158;0,00619195046439628;0,461208274679347;0,00131710880887121
"condition";0,629680103920195;0,381895945704209;0,855034293055669;0,518571458623392;0,75325046393641;0,246749536063588;0,00245508998930618;0,000903062002138158;0,00619195046439628;0,461208274679347;0,00131710880887121
"chômage";-0,056615803602808;-2,04259356289429;-0,0277069648923566;-0,999616088354151;0,000861926353597562;0,999138073646402;1,98473635764194e-05;0,0258339842921189;0,00619195046439628;1,22588412102147;0,00930521286794173
"choisir";1,06625021892626;-1,64675673034052;0,543503391062086;-0,839406971560287;0,320075924469942;0,679924075530057;0,0035197818246449;0,00839568956322541;0,00309597523219814;1,19806243850963;0,00444381921537972
"utiliser";1,14949214976524;-0,162376002126111;0,990169832640246;-0,139870306102429;0,982539824085777;0,0174601759142203;0,00409081177204927;8,16283779147331e-05;0,00309597523219814;0,737187142538036;0,00168249189821484
"salaire";-1,46214437346555;0,371996327959251;-0,969126618964825;0,246563574791182;0,945496605823142;0,0545033941768554;0,0110313011808925;0,000714041630625214;0,00515995872033024;0,955888184999805;0,00471476894851508
"république";1,17030263247499;0,208719179927492;0,984465900922413;0,175575880806623;0,972453650711088;0,0275463492889092;0,00565369763293243;0,000179829498739339;0,00412796697626419;0,754415408026652;0,00234940189006407
"réduire";0,983008288087285;-3,13113745855493;0,299531659993268;-0,954086361217724;0,09964532583347;0,900354674166529;0,0039888763444718;0,0404706781604369;0,00412796697626419;1,97959130274113;0,0161766015516546
"réalité";1,14949214976524;-0,162376002126111;0,990169832640246;-0,139870306102429;0,982539824085777;0,0174601759142203;0,00409081177204927;8,16283779147331e-05;0,00309597523219814;0,737187142538036;0,00168249189821484
"responsabilité";-2,13586398698299;0,134494228426989;-0,998023299275599;0,0628450006209585;0,996481188543182;0,0035188114568155;0,0188314343483628;7,46695458417791e-05;0,00412796697626419;1,36014705087354;0,00763673890608875
"respecter";-1,29371447008619;0,431371852842317;-0,948653882967224;0,316315997589766;0,909907098710059;0,0900929012899389;0,00690896648136385;0,000768139011040715;0,00412796697626419;0,862157742076369;0,00306838378626304
"progrès";0,109868058075148;0,92616789353453;0,117800539138082;0,993037276731733;0,0155556386369169;0,984444361363083;3,73714866414991e-05;0,00265568720437829;0,00309597523219814;0,559982363037962;0,000970836677751023
"possible";1,23273408060422;1,3220047260883;0,681982004867717;0,731368952743148;0,494017022091056;0,505982977908942;0,00627299613408929;0,00721443341919423;0,00412796697626419;1,11492401335497;0,00513129228299507
"personnel";1,23273408060422;1,3220047260883;0,681982004867717;0,731368952743148;0,494017022091056;0,505982977908942;0,00470474710056697;0,00541082506439567;0,00309597523219814;1,11492401335497;0,0038484692122463
"partir";0,328153115578182;-0,088158444487836;0,96575633641879;-0,259450763473453;0,939606843608903;0,0603931563910944;0,000444517924721024;3,20821933313307e-05;0,00412796697626419;0,215203965476729;0,000191177489192608
"parler";-1,29371447008619;0,431371852842317;-0,948653882967224;0,316315997589766;0,909907098710059;0,0900929012899389;0,00690896648136385;0,000768139011040715;0,00412796697626419;0,862157742076369;0,00306838378626304
"ouvrir";1,23273408060422;1,3220047260883;0,681982004867717;0,731368952743148;0,494017022091056;0,505982977908942;0,00470474710056697;0,00541082506439567;0,00309597523219814;1,11492401335497;0,0038484692122463
"oeuvre";1,23273408060422;1,3220047260883;0,681982004867717;0,731368952743148;0,494017022091056;0,505982977908942;0,00627299613408929;0,00721443341919423;0,00412796697626419;1,11492401335497;0,00513129228299507
"nouvelle";1,14949214976524;-0,162376002126111;0,990169832640246;-0,139870306102429;0,982539824085777;0,0174601759142203;0,00409081177204927;8,16283779147331e-05;0,00309597523219814;0,737187142538036;0,00168249189821484
"moyen";-1,46214437346555;0,371996327959251;-0,969126618964825;0,246563574791182;0,945496605823142;0,0545033941768554;0,0110313011808925;0,000714041630625214;0,00515995872033024;0,955888184999805;0,00471476894851508
"mouvement";1,17030263247499;0,208719179927492;0,984465900922413;0,175575880806623;0,972453650711088;0,0275463492889092;0,00565369763293243;0,000179829498739339;0,00412796697626419;0,754415408026652;0,00234940189006407
"moment";-0,451564953189387;0,728249477257644;-0,526982050637329;0,849876413548509;0,301544810233;0,698455189766998;0,000841737489985277;0,0021892561449991;0,00412796697626419;0,522746486252073;0,00112802430913886
"long";-0,056615803602808;-2,04259356289429;-0,0277069648923566;-0,999616088354151;0,000861926353597562;0,999138073646402;9,92368178820967e-06;0,0129169921460594;0,00309597523219814;1,22588412102147;0,00465260643397086
"imposer";-2,13586398698299;0,134494228426989;-0,998023299275599;0,0628450006209585;0,996481188543182;0,0035188114568155;0,0188314343483628;7,46695458417791e-05;0,00412796697626419;1,36014705087354;0,00763673890608875
"donner";-2,13586398698299;0,134494228426989;-0,998023299275599;0,0628450006209585;0,996481188543182;0,0035188114568155;0,0235392929354535;9,33369323022239e-05;0,00515995872033024;1,36014705087354;0,00954592363261094
"disposer";1,23273408060422;1,3220047260883;0,681982004867717;0,731368952743148;0,494017022091056;0,505982977908942;0,00627299613408929;0,00721443341919423;0,00412796697626419;1,11492401335497;0,00513129228299507
"discrimination";-2,13586398698299;0,134494228426989;-0,998023299275599;0,0628450006209586;0,996481188543182;0,00351881145681551;0,0141235757612721;5,60021593813345e-05;0,00309597523219814;1,36014705087354;0,00572755417956657
"cours";-2,13586398698299;0,134494228426989;-0,998023299275599;0,0628450006209585;0,996481188543182;0,0035188114568155;0,0188314343483628;7,46695458417791e-05;0,00412796697626419;1,36014705087354;0,00763673890608875
"convenir";0,265721667448949;-1,20144399064864;0,215949985428651;-0,976404426348716;0,0520664525570737;0,947933547442926;0,000291467511049947;0,00595858684278943;0,00412796697626419;0,740277923279023;0,00226217297706627
"constituer";-1,46214437346555;0,371996327959251;-0,969126618964825;0,246563574791182;0,945496605823142;0,0545033941768554;0,0110313011808925;0,000714041630625214;0,00515995872033024;0,955888184999805;0,00471476894851508
"conjoint";1,14949214976524;-0,162376002126111;0,990169832640246;-0,139870306102429;0,982539824085777;0,0174601759142203;0,00409081177204927;8,16283779147331e-05;0,00309597523219814;0,737187142538036;0,00168249189821484
"commencer";-1,35614591821542;-0,681913693318492;-0,893412808509774;-0,449236634292749;0,816212487770697;0,1837875122293;0,00759187513515937;0,00191953058879367;0,00412796697626419;0,954226837742484;0,00375871561555426
"chose";1,18278892210083;0,431376289159654;0,939468712915024;0,342634699722298;0,89408801656043;0,105911983439567;0,00721872876287125;0,000960193513153525;0,00515995872033024;0,795177228415835;0,00326267711347311
"choix";0,50906930858339;0,193874189627391;0,934522525659766;0,355903988506019;0,88560827448998;0,114391725510018;0,00133721135676765;0,000193948407655716;0,00515995872033024;0,343876822475044;0,000610171666850015
"atteindre";-1,01299796445392;0,530331060980759;-0,885934654127765;0,463810078173726;0,803802627225331;0,196197372774666;0,00317698104020988;0,000870746236040179;0,00309597523219814;0,718258353051599;0,00159719833352444
"activité";-2,13586398698299;0,134494228426989;-0,998023299275599;0,0628450006209585;0,996481188543182;0,0035188114568155;0,0188314343483628;7,46695458417791e-05;0,00412796697626419;1,36014705087354;0,00763673890608875
"école";-0,056615803602808;-2,04259356289429;-0,0277069648923566;-0,999616088354151;0,000861926353597562;0,999138073646402;9,92368178820967e-06;0,0129169921460594;0,00309597523219814;1,22588412102147;0,00465260643397086
"veiller";0,0266261272361701;-0,558212834679881;0,0476447109657542;-0,998864345903381;0,00254824678576036;0,997451753214239;2,19489365819418e-06;0,000964710739323061;0,00309597523219814;0,335300409491065;0,000348069240262773
"seul";0,983008288087285;-3,13113745855493;0,299531659993268;-0,954086361217724;0,09964532583347;0,900354674166529;0,0039888763444718;0,0404706781604369;0,00412796697626419;1,97959130274113;0,0161766015516546
"service";1,23273408060422;1,3220047260883;0,681982004867717;0,731368952743148;0,494017022091056;0,505982977908942;0,00627299613408929;0,00721443341919423;0,00412796697626419;1,11492401335497;0,00513129228299507
"remercier";1,23273408060422;1,3220047260883;0,681982004867717;0,731368952743148;0,494017022091056;0,505982977908942;0,00470474710056697;0,00541082506439567;0,00309597523219814;1,11492401335497;0,0038484692122463
"protection";1,23273408060422;1,3220047260883;0,681982004867717;0,731368952743148;0,494017022091056;0,505982977908942;0,00627299613408929;0,00721443341919423;0,00412796697626419;1,11492401335497;0,00513129228299507
"programme";1,14949214976524;-0,162376002126111;0,990169832640246;-0,139870306102429;0,982539824085777;0,0174601759142203;0,00409081177204927;8,16283779147331e-05;0,00309597523219814;0,737187142538036;0,00168249189821484
"partager";-0,056615803602808;-2,04259356289429;-0,0277069648923566;-0,999616088354151;0,000861926353597562;0,999138073646402;9,92368178820967e-06;0,0129169921460594;0,00309597523219814;1,22588412102147;0,00465260643397086
"paraître";1,14949214976524;-0,162376002126111;0,990169832640246;-0,139870306102429;0,982539824085777;0,0174601759142203;0,00409081177204927;8,16283779147331e-05;0,00309597523219814;0,737187142538036;0,00168249189821484
"oublier";-1,01299796445392;0,530331060980759;-0,885934654127765;0,463810078173726;0,803802627225331;0,196197372774666;0,00317698104020988;0,000870746236040179;0,00309597523219814;0,718258353051599;0,00159719833352444
"mère";1,14949214976524;-0,162376002126111;0,990169832640246;-0,139870306102429;0,982539824085777;0,0174601759142203;0,00409081177204927;8,16283779147331e-05;0,00309597523219814;0,737187142538036;0,00168249189821484
"mesure";0,0266261272361701;-0,558212834679881;0,0476447109657542;-0,998864345903381;0,00254824678576036;0,997451753214239;2,19489365819418e-06;0,000964710739323061;0,00309597523219814;0,335300409491065;0,000348069240262773
"inégalité";-1,0962398952929;-0,954049667233652;-0,754333703001328;-0,656491176266905;0,597184555788746;0,402815444211252;0,00372056318276096;0,00281798999241066;0,00309597523219814;0,901774899596982;0,0025176407725794
"information";1,23273408060422;1,3220047260883;0,681982004867717;0,731368952743148;0,494017022091056;0,505982977908942;0,00627299613408929;0,00721443341919423;0,00412796697626419;1,11492401335497;0,00513129228299507
"garder";0,983008288087285;-3,13113745855493;0,299531659993268;-0,954086361217724;0,09964532583347;0,900354674166529;0,0039888763444718;0,0404706781604369;0,00412796697626419;1,97959130274113;0,0161766015516546
"féminin";0,390584563707416;1,02512710167297;0,356043052522395;0,93446955260754;0,140160414310253;0,859839585689747;0,000629747374227091;0,00433802094771694;0,00412796697626419;0,663207169744116;0,0018156604747162
"doute";-1,01299796445392;0,530331060980759;-0,885934654127765;0,463810078173726;0,803802627225331;0,196197372774666;0,00317698104020988;0,000870746236040179;0,00309597523219814;0,718258353051599;0,00159719833352444
"collectif";1,10787118434575;-0,904566366233317;0,774598953161779;-0,632452734803697;0,627469550111571;0,372530449888427;0,00506657816761057;0,00337766898212816;0,00412796697626419;0,889077792075007;0,00326298997053032
"chemin";1,10787118434575;-0,904566366233317;0,774598953161779;-0,632452734803697;0,627469550111571;0,372530449888427;0,00506657816761057;0,00337766898212816;0,00412796697626419;0,889077792075007;0,00326298997053032
"appliquer";-1,35614591821542;-0,681913693318492;-0,893412808509774;-0,449236634292749;0,816212487770697;0,1837875122293;0,00759187513515937;0,00191953058879367;0,00412796697626419;0,954226837742484;0,00375871561555426
"accès";1,23273408060422;1,3220047260883;0,681982004867717;0,731368952743148;0,494017022091056;0,505982977908942;0,00627299613408929;0,00721443341919423;0,00412796697626419;1,11492401335497;0,00513129228299507
"étroit";0,109868058075148;0,92616789353453;0,117800539138082;0,993037276731733;0,0155556386369169;0,984444361363083;3,73714866414991e-05;0,00265568720437829;0,00309597523219814;0,559982363037962;0,000970836677751023
"élever";1,06625021892626;-1,64675673034052;0,543503391062086;-0,839406971560287;0,320075924469942;0,679924075530057;0,0035197818246449;0,00839568956322541;0,00309597523219814;1,19806243850963;0,00444381921537972
"réserver";-1,0962398952929;-0,954049667233652;-0,754333703001328;-0,656491176266905;0,597184555788746;0,402815444211252;0,00372056318276096;0,00281798999241066;0,00309597523219814;0,901774899596982;0,0025176407725794
"régime";1,23273408060422;1,3220047260883;0,681982004867717;0,731368952743148;0,494017022091056;0,505982977908942;0,00470474710056697;0,00541082506439567;0,00309597523219814;1,11492401335497;0,0038484692122463
"réel";-0,056615803602808;-2,04259356289429;-0,0277069648923566;-0,999616088354151;0,000861926353597562;0,999138073646402;9,92368178820967e-06;0,0129169921460594;0,00309597523219814;1,22588412102147;0,00465260643397086
"réduction";-2,13586398698299;0,134494228426989;-0,998023299275599;0,0628450006209586;0,996481188543182;0,00351881145681551;0,0141235757612721;5,60021593813345e-05;0,00309597523219814;1,36014705087354;0,00572755417956657
"renforcer";0,0266261272361701;-0,558212834679881;0,0476447109657542;-0,998864345903381;0,00254824678576036;0,997451753214239;2,19489365819418e-06;0,000964710739323061;0,00309597523219814;0,335300409491065;0,000348069240262773
"porter";1,23273408060422;1,3220047260883;0,681982004867717;0,731368952743148;0,494017022091056;0,505982977908942;0,00470474710056697;0,00541082506439567;0,00309597523219814;1,11492401335497;0,0038484692122463
"partiel";0,983008288087284;-3,13113745855493;0,299531659993268;-0,954086361217724;0,09964532583347;0,90035467416653;0,00299165725835385;0,0303530086203277;0,00309597523219814;1,97959130274113;0,0121324511637409
"nombreux";0,109868058075148;0,92616789353453;0,117800539138082;0,993037276731733;0,0155556386369169;0,984444361363083;3,73714866414991e-05;0,00265568720437829;0,00309597523219814;0,559982363037962;0,000970836677751023
"lever";-1,01299796445392;0,530331060980759;-0,885934654127765;0,463810078173726;0,803802627225331;0,196197372774666;0,00317698104020988;0,000870746236040179;0,00309597523219814;0,718258353051599;0,00159719833352444
"garçon";1,06625021892626;-1,64675673034052;0,543503391062086;-0,839406971560287;0,320075924469942;0,679924075530057;0,0035197818246449;0,00839568956322541;0,00309597523219814;1,19806243850963;0,00444381921537972
"exister";-0,056615803602808;-2,04259356289429;-0,0277069648923566;-0,999616088354151;0,000861926353597562;0,999138073646402;9,92368178820967e-06;0,0129169921460594;0,00309597523219814;1,22588412102147;0,00465260643397086
"contraception";1,14949214976524;-0,162376002126111;0,990169832640246;-0,139870306102429;0,982539824085777;0,0174601759142203;0,00409081177204927;8,16283779147331e-05;0,00309597523219814;0,737187142538036;0,00168249189821484
"citer";1,14949214976524;-0,162376002126111;0,990169832640246;-0,139870306102429;0,982539824085777;0,0174601759142203;0,00409081177204927;8,16283779147331e-05;0,00309597523219814;0,737187142538036;0,00168249189821484
"charger";-0,056615803602808;-2,04259356289429;-0,0277069648923566;-0,999616088354151;0,000861926353597562;0,999138073646402;9,92368178820967e-06;0,0129169921460594;0,00309597523219814;1,22588412102147;0,00465260643397086
"changement";0,109868058075148;0,92616789353453;0,117800539138082;0,993037276731733;0,0155556386369169;0,984444361363083;3,73714866414991e-05;0,00265568720437829;0,00309597523219814;0,559982363037962;0,000970836677751023
"de";-0,0818061449718243;0,0204974795161463;-0,97001418321207;0,243048316940113;NA;NA;NA;NA;NA;0,0534375293510769;NA
"être";-0,0992679008676812;-0,0771637984571455;-0,789523971556775;-0,613719722949504;NA;NA;NA;NA;NA;0,0782618799792998;NA
"la";-0,0308581829144311;0,0871241509880921;-0,333863607827464;0,94262139343876;NA;NA;NA;NA;NA;0,0558258717287252;NA
"les";-0,0335148402816326;0,0397502979599726;-0,644595939262778;0,7645234300438;NA;NA;NA;NA;NA;0,0319773841890155;NA
"l";-0,164650304934053;-0,043627909904871;-0,966641288561942;-0,256133986903942;NA;NA;NA;NA;NA;0,107889563556546;NA
"et";0,0999630902759465;-0,283472087350902;0,332566035596711;-0,943079971141094;NA;NA;NA;NA;NA;0,181540389692264;NA
"des";0,116951649644367;-0,0690739296665653;0,861035701937087;-0,508544511316078;NA;NA;NA;NA;NA;0,0851133826215697;NA
"à";-0,303346714015512;-0,0698457893679737;-0,974501794113936;-0,224379707791771;NA;NA;NA;NA;NA;0,197334849909416;NA
"avoir";-0,0420606813875829;-0,0763270885665011;-0,482630260961921;-0,875824201083658;NA;NA;NA;NA;NA;0,0530236966105386;NA
"le";-0,0670616131979057;-0,241294617266671;-0,267774829750553;-0,96348152060746;NA;NA;NA;NA;NA;0,150900034586755;NA
"que";-0,009668234465517;-0,0996577724444395;-0,096561012953617;-0,995327067238388;NA;NA;NA;NA;NA;0,0600999660312977;NA
"en";0,128450577290016;0,0857574298009931;0,831680418643356;0,555254609386732;NA;NA;NA;NA;NA;0,0965102968444229;NA
"d";0,376467176412716;-0,0925241831724404;0,971101420616221;-0,238667196902209;NA;NA;NA;NA;NA;0,245669660667539;NA
"qui";0,168521180573588;-0,337010768707154;0,447247133113987;-0,894410421406929;NA;NA;NA;NA;NA;0,228802096149011;NA
"dans";-0,393921731279098;0,089685859698137;-0,97504816341369;0,221993421126819;NA;NA;NA;NA;NA;0,25612764698147;NA
"il";-0,0711996685982591;0,00643372016678552;-0,995942218002345;0,0899949909748802;NA;NA;NA;NA;NA;0,0454253318727373;NA
"pour";0,112263406405875;-0,185662261420386;0,517427790654465;-0,855726873165988;NA;NA;NA;NA;NA;0,132281027033507;NA
"nous";0,359325752439745;-0,471886559625873;0,605822519206692;-0,795599821029427;NA;NA;NA;NA;NA;0,363749116382937;NA
"une";-0,0921623391342081;0,127429410491071;-0,586033632009513;0,810286728358387;NA;NA;NA;NA;NA;0,0963134531074472;NA
"ne";-0,386323907405006;-0,162378753330661;-0,921877526893932;-0,387481387176117;NA;NA;NA;NA;NA;0,264196905162777;NA
"un";0,184013559223736;0,126474705364596;0,824114293273618;0,566423544374812;NA;NA;NA;NA;NA;0,139427400788504;NA
"ce";0,289693619239186;-0,431637275290297;0,557275093574882;-0,830327929243083;NA;NA;NA;NA;NA;0,317747291748958;NA
"qu";0,241517774604008;0,00255354681721744;0,999944111423556;0,0105723237443186;NA;NA;NA;NA;NA;0,153538586598718;NA
"c";-0,0898097137901557;-0,391396940083968;-0,223647245611261;-0,974670154221671;NA;NA;NA;NA;NA;0,241640942247947;NA
"je";-0,117985918779943;0,276482072484757;-0,392495630363717;0,919753869328849;NA;NA;NA;NA;NA;0,182031996996317;NA
"faire";-0,132126641856946;0,179479047518203;-0,592846880429669;0,805315203112924;NA;NA;NA;NA;NA;0,136555565763737;NA
"du";-0,389212920689313;0,108302405917796;-0,963397997557514;0,268075172856743;NA;NA;NA;NA;NA;0,255807852636842;NA
"pas";-0,285261100270858;-0,231649665981689;-0,776280423161772;-0,630387741485969;NA;NA;NA;NA;NA;0,228463126429344;NA
"plus";-0,144156401487243;-0,0987620089879078;-0,824963915574273;-0,565185401439532;NA;NA;NA;NA;NA;0,109123738241074;NA
"pouvoir";0,00905187432012221;-0,116704796481361;0,0773298896401532;-0,997005560750913;NA;NA;NA;NA;NA;0,0702474952090032;NA
"mais";0,306594155290975;0,659740962514621;0,421434523003444;0,906858832906677;NA;NA;NA;NA;NA;0,441166055862003;NA
"au";-0,785017509449826;-0,141905252651647;-0,984051459597657;-0,177884020821771;NA;NA;NA;NA;NA;0,506238448431125;NA
"cette";-0,179382282388314;0,228958315502777;-0,616729306248657;0,787175306278119;NA;NA;NA;NA;NA;0,178518878140036;NA
"on";0,142362722855867;-0,201100777889464;0,577791215458961;-0,816184606163616;NA;NA;NA;NA;NA;0,150811902823179;NA
"aussi";0,172209501824669;0,0751231398612601;0,916583904314457;0,399842401893129;NA;NA;NA;NA;NA;0,118385632255024;NA
"ou";-0,373638148502487;-0,335556464833942;-0,744004503708288;-0,668174601778445;NA;NA;NA;NA;NA;0,311347497988699;NA
"leur";-0,179382282388314;0,228958315502777;-0,616729306248657;0,787175306278119;NA;NA;NA;NA;NA;0,178518878140036;NA
"par";-0,319066884126729;-0,589138049339534;-0,476225957229432;-0,879322942758183;NA;NA;NA;NA;NA;0,407490567548506;NA
"y";-0,0262641884070765;0,282936065396473;-0,092429915013768;0,995719192749917;NA;NA;NA;NA;NA;0,170553048842455;NA
"vous";0,991512489930611;0,945961213934664;0,723531386142086;0,690291484278425;NA;NA;NA;NA;NA;0,848122555648068;NA
"devoir";0,197182081076362;0,520437358325583;0,354300472418178;0,935131635249421;NA;NA;NA;NA;NA;0,33643397161833;NA
"s";0,199896809184519;-0,739636817289988;0,260902902905479;-0,965365047666164;NA;NA;NA;NA;NA;0,461546998023327;NA
"ces";-0,0773137808379109;0,0417241298447022;-0,880025825092399;0,474925833336578;NA;NA;NA;NA;NA;0,0551545327359137;NA
"se";0,02662612723617;-0,558212834679881;0,0476447109657539;-0,998864345903381;NA;NA;NA;NA;NA;0,335300409491065;NA
"vouloir";0,491866908705458;-0,84890319800461;0,501339026296851;-0,865250935111731;NA;NA;NA;NA;NA;0,597587286277756;NA
"sur";-0,139719266165304;-0,504927675979353;-0,266689636937632;-0,963782463811245;NA;NA;NA;NA;NA;0,315660259498467;NA
"elles";-0,859459021950754;0,248679636401091;-0,960597433396957;0,277943467185645;NA;NA;NA;NA;NA;0,566352758821494;NA
"elle";-0,00601177103649025;0,261730664831656;-0,0229632465717125;0,999736309887206;NA;NA;NA;NA;NA;0,157059216795728;NA
"tout";0,428662111692187;0,0685263522428459;0,987462036403223;0,15785666492866;NA;NA;NA;NA;NA;0,275580549772415;NA
"aux";-0,300138588546349;-0,777336267424845;-0,36019473092267;-0,932877138649857;NA;NA;NA;NA;NA;0,503847660545106;NA
"tous";-0,321149203982417;0,377396119456501;-0,648073006321875;0,761578215600293;NA;NA;NA;NA;NA;0,304852906066191;NA
"toutes";-0,191658930266864;0,456113503342484;-0,387389276052438;0,921916237409651;NA;NA;NA;NA;NA;0,299522556722087;NA
"j";-0,0238493276448429;-0,0563509197857182;-0,389758556706864;-0,920917079586312;NA;NA;NA;NA;NA;0,0370490252285032;NA
"bien";-0,292167926380868;0,299428706611802;-0,698375725863138;0,715731336134681;NA;NA;NA;NA;NA;0,258382208393948;NA
"si";-0,347662546940188;-0,690158445531138;-0,449885916536577;-0,89308603286696;NA;NA;NA;NA;NA;0,469321256094835;NA
"notre";-0,493185918608877;-0,0139408868495611;-0,999600727582578;-0,028255714756161;NA;NA;NA;NA;NA;0,313625924918283;NA
"dire";-0,191658930266864;0,456113503342484;-0,387389276052438;0,921916237409651;NA;NA;NA;NA;NA;0,299522556722087;NA
"comme";-0,813397339199803;0,16418420902719;-0,980230399822019;0,197859453311601;NA;NA;NA;NA;NA;0,526367568585759;NA
"savoir";-0,101299913470391;0,180171121658068;-0,490090913763341;0,871671323519716;NA;NA;NA;NA;NA;0,125813962959058;NA
"où";0,50906930858339;0,193874189627391;0,934522525659766;0,355903988506019;NA;NA;NA;NA;NA;0,343876822475044;NA
"même";-0,935071159767024;-0,533474881110828;-0,86858365472017;-0,495542566035403;NA;NA;NA;NA;NA;0,675094697745121;NA
"là";0,567248655790962;-0,731389600456599;0,612856278254802;-0,790194395198847;NA;NA;NA;NA;NA;0,567927103328515;NA
"aujourd_hui";0,552154670356472;-0,108399596571002;0,981268765991181;-0,192643735662866;NA;NA;NA;NA;NA;0,356973452412404;NA
"non";0,0077893287543239;0,890182726938732;0,00874992328304286;0,999961718688541;NA;NA;NA;NA;NA;0,534045237677609;NA
"falloir";-0,493185918608877;-0,0139408868495611;-0,999600727582578;-0,028255714756161;NA;NA;NA;NA;NA;0,313625924918283;NA
"avec";0,0682470926556594;0,183977529427324;0,347795014587473;0,937570598850081;NA;NA;NA;NA;NA;0,118589127978393;NA
"votre";1,19111311518473;0,579814361981095;0,89912996317949;0,437681744322114;NA;NA;NA;NA;NA;0,833252839692084;NA
"leurs";-0,763529327307599;-0,62889903961623;-0,771875573120994;-0,635773622934404;NA;NA;NA;NA;NA;0,614753683195328;NA
"contre";-0,0929216428702194;-0,2365972566955;-0,365559400472288;-0,93078801277538;NA;NA;NA;NA;NA;0,153736122521743;NA
"autres";0,0543734375158296;-0,063419258608411;0,650888482494935;-0,759173355272326;NA;NA;NA;NA;NA;0,0514020454560327;NA
"ceux";0,588059138500706;-0,360294418402996;0,852684530426634;-0,522426158965179;NA;NA;NA;NA;NA;0,431812295369222;NA
"souvent";-0,513996401318622;-0,385036068903164;-0,800344596853275;-0,599540262440954;NA;NA;NA;NA;NA;0,400143511868233;NA
"sans";-1,17340739624379;0,473782942044506;-0,9272673860506;0,374399779336057;NA;NA;NA;NA;NA;0,798240695916201;NA
"car";1,19705896738752;0,685841556853553;0,867678094582332;0,497126466990014;NA;NA;NA;NA;NA;0,86506790727769;NA
"m";-0,164650304934053;-0,043627909904871;-0,966641288561942;-0,256133986903942;NA;NA;NA;NA;NA;0,107889563556546;NA
"entre";0,163252150214901;-0,92577349523346;0,173661904244673;-0,984805332547562;NA;NA;NA;NA;NA;0,56498614314265;NA
"dont";0,02662612723617;-0,558212834679881;0,0476447109657539;-0,998864345903381;NA;NA;NA;NA;NA;0,335300409491065;NA
"donc";0,428662111692187;0,0685263522428459;0,987462036403223;0,15785666492866;NA;NA;NA;NA;NA;0,275580549772415;NA
"alors";0,163252150214901;-0,92577349523346;0,173661904244673;-0,984805332547562;NA;NA;NA;NA;NA;0,56498614314265;NA
"toujours";0,546438173081217;-1,1024847825102;0,444087378636283;-0,895983482066469;NA;NA;NA;NA;NA;0,747054544996867;NA
"parce_que";0,588059138500706;-0,360294418402996;0,852684530426634;-0,522426158965179;NA;NA;NA;NA;NA;0,431812295369222;NA
"ainsi";1,0543585145207;-1,85881112008544;0,493378141451519;-0,869814928325472;NA;NA;NA;NA;NA;1,30103385396847;NA
"surtout";1,23273408060422;1,3220047260883;0,681982004867717;0,731368952743148;NA;NA;NA;NA;NA;1,11492401335497;NA
"sa";0,50906930858339;0,193874189627391;0,934522525659766;0,355903988506019;NA;NA;NA;NA;NA;0,343876822475044;NA
"pourquoi";-0,164650304934053;-0,043627909904871;-0,966641288561942;-0,256133986903942;NA;NA;NA;NA;NA;0,107889563556546;NA
"ici";0,109868058075149;0,92616789353453;0,117800539138082;0,993037276731733;NA;NA;NA;NA;NA;0,559982363037962;NA
"encore";0,608805332367798;-1,39229230765945;0,400640663752017;-0,916235263755081;NA;NA;NA;NA;NA;0,920544757045073;NA
"chacun";0,409178991576616;-1,5873826842299;0,249610255331285;-0,968346384530583;NA;NA;NA;NA;NA;0,987159381023155;NA
"celles";-0,451564953189388;0,728249477257645;-0,52698205063733;0,849876413548508;NA;NA;NA;NA;NA;0,522746486252073;NA
"celle";0,265721667448949;-1,20144399064864;0,215949985428651;-0,976404426348716;NA;NA;NA;NA;NA;0,740277923279023;NA
"cela";-0,451564953189388;0,728249477257645;-0,52698205063733;0,849876413548508;NA;NA;NA;NA;NA;0,522746486252073;NA
"autre";-1,0962398952929;-0,954049667233652;-0,754333703001328;-0,656491176266904;NA;NA;NA;NA;NA;0,901774899596982;NA
"son";-1,46214437346555;0,371996327959251;-0,969126618964825;0,246563574791182;NA;NA;NA;NA;NA;0,955888184999805;NA
"rien";0,109868058075149;0,92616789353453;0,117800539138082;0,993037276731733;NA;NA;NA;NA;NA;0,559982363037962;NA
"nos";0,109868058075149;0,92616789353453;0,117800539138082;0,993037276731733;NA;NA;NA;NA;NA;0,559982363037962;NA
"mme";0,265721667448949;-1,20144399064864;0,215949985428651;-0,976404426348716;NA;NA;NA;NA;NA;0,740277923279023;NA
"devant";-0,838369918451496;-0,281130009437133;-0,948114044065879;-0,31793043176935;NA;NA;NA;NA;NA;0,558993283732242;NA
"depuis";-0,513996401318622;-0,385036068903164;-0,800344596853275;-0,599540262440954;NA;NA;NA;NA;NA;0,400143511868233;NA
"celui";-1,01299796445392;0,530331060980759;-0,885934654127765;0,463810078173726;NA;NA;NA;NA;NA;0,718258353051599;NA
"beaucoup";1,14949214976524;-0,162376002126111;0,990169832640246;-0,139870306102429;NA;NA;NA;NA;NA;0,737187142538036;NA
"d_abord";1,23273408060422;1,3220047260883;0,681982004867717;0,731368952743148;NA;NA;NA;NA;NA;1,11492401335497;NA
"trop";-1,0962398952929;-0,954049667233652;-0,754333703001328;-0,656491176266904;NA;NA;NA;NA;NA;0,901774899596982;NA
"toute";0,02662612723617;-0,558212834679881;0,0476447109657539;-0,998864345903381;NA;NA;NA;NA;NA;0,335300409491065;NA
"force";0,265721667448949;-1,20144399064864;0,215949985428651;-0,976404426348716;NA;NA;NA;NA;NA;0,740277923279023;NA
"cet";1,23273408060422;1,3220047260883;0,681982004867717;0,731368952743148;NA;NA;NA;NA;NA;1,11492401335497;NA
"certain";-1,01299796445392;0,530331060980759;-0,885934654127765;0,463810078173726;NA;NA;NA;NA;NA;0,718258353051599;NA
"avant";1,23273408060422;1,3220047260883;0,681982004867717;0,731368952743148;NA;NA;NA;NA;NA;1,11492401335497;NA
"aucune";1,06625021892626;-1,64675673034052;0,543503391062087;-0,839406971560287;NA;NA;NA;NA;NA;1,19806243850963;NA
"tant";0,109868058075149;0,92616789353453;0,117800539138082;0,993037276731733;NA;NA;NA;NA;NA;0,559982363037962;NA
"ses";-1,0962398952929;-0,954049667233652;-0,754333703001328;-0,656491176266904;NA;NA;NA;NA;NA;0,901774899596982;NA
"personne";-2,135863986983;0,134494228426989;-0,998023299275599;0,0628450006209585;NA;NA;NA;NA;NA;1,36014705087354;NA
"laquelle";-1,35614591821543;-0,681913693318492;-0,893412808509775;-0,449236634292749;NA;NA;NA;NA;NA;0,954226837742484;NA
"certains";0,02662612723617;-0,558212834679881;0,0476447109657539;-0,998864345903381;NA;NA;NA;NA;NA;0,335300409491065;NA
"c_est_à_dire";1,14949214976524;-0,162376002126111;0,990169832640246;-0,139870306102429;NA;NA;NA;NA;NA;0,737187142538036;NA
"soi";0,109868058075149;0,92616789353453;0,117800539138082;0,993037276731733;NA;NA;NA;NA;NA;0,559982363037962;NA
"quelques";0,02662612723617;-0,558212834679881;0,0476447109657539;-0,998864345903381;NA;NA;NA;NA;NA;0,335300409491065;NA
"partout";0,02662612723617;-0,558212834679881;0,0476447109657539;-0,998864345903381;NA;NA;NA;NA;NA;0,335300409491065;NA
"moi";0,109868058075149;0,92616789353453;0,117800539138082;0,993037276731733;NA;NA;NA;NA;NA;0,559982363037962;NA
"eh";0,02662612723617;-0,558212834679881;0,0476447109657539;-0,998864345903381;NA;NA;NA;NA;NA;0,335300409491065;NA
"comment";-1,01299796445392;0,530331060980759;-0,885934654127765;0,463810078173726;NA;NA;NA;NA;NA;0,718258353051599;NA
"chacune";1,14949214976524;-0,162376002126111;0,990169832640246;-0,139870306102429;NA;NA;NA;NA;NA;0,737187142538036;NA
"bon";-0,0566158036028087;-2,04259356289429;-0,0277069648923569;-0,999616088354151;NA;NA;NA;NA;NA;1,22588412102147;NA
"*loc_mitterand";-0,46354863614383;-0,111846786847854;-0,972103376842464;-0,234552818638954;NA;NA;NA;NA;NA;0,30221666339374;NA
"*date_1982";-0,46354863614383;-0,111846786847854;-0,972103376842464;-0,234552818638954;NA;NA;NA;NA;NA;0,30221666339374;NA
"*loc_chirac";1,16462704628142;0,107511403003782;0,995766102403286;0,0919231706620662;NA;NA;NA;NA;NA;0,743148267736163;NA
"*date_2006";1,16462704628142;0,107511403003782;0,995766102403286;0,0919231706620662;NA;NA;NA;NA;NA;0,743148267736163;NA
"*loc_hollande";0,595595909308456;-0,0170971929970037;0,999588236434663;-0,0286942081514652;NA;NA;NA;NA;NA;0,378754522106681;NA
"*date_2017";0,595595909308456;-0,0170971929970037;0,999588236434663;-0,0286942081514652;NA;NA;NA;NA;NA;0,378754522106681;NA
