"";"Coord. facteur 1";"Coord. facteur 2";"Coord. facteur 3";"Coord. facteur 4";"Corr. facteur 1";"Corr. facteur 2";"Corr. facteur 3";"Corr. facteur 4";"COR -facteur 1";"COR -facteur 2";"COR -facteur 3";"COR -facteur 4";"CTR -facteur 1";"CTR -facteur 2";"CTR -facteur 3";"CTR -facteur 4";"mass";"chi.distance";"inertie"
"femme";-0,122268426698213;0,102367920237737;-0,218844066944047;-0,343713315901721;-0,279431218227534;0,233950770709215;-0,500144361708198;-0,785519476916989;0,0943455355529595;0,058198047734226;0,259082079748732;0,588374336964078;0,00171904685290831;0,00120499938655603;0,00550717173644804;0,0135847540812665;0,114989733059548;0,290085418992489;0,00967633432746344
"droit";-0,0642412871247119;0,131581758653454;0,0876934509359249;-0,669629774773194;-0,0929633327781989;0,190411484027322;0,126900873670215;-0,969018809812802;0,0108655149477459;0,0401144802368753;0,0173552663104482;0,931664738504934;0,000207618280904049;0,000871020740561042;0,000386875693547764;0,0225583138889909;0,0503080082135524;0,449118898209576;0,0101475168908832
"égalité";-0,0851951194231674;0,110509351477658;0,561429836750229;0,154204898051714;-0,142297910549178;0,184579233151932;0,93773320855043;0,257562110808438;0,0236455385507476;0,0350111026294368;0,88020913319842;0,0611342256213984;0,000134135267683264;0,000225689632189143;0,00582511530665399;0,000439450421454322;0,0184804928131417;0,403749840648546;0,00301257783247133
"loi";-0,160474132356975;-0,161591925222985;0,822438295682612;1,22240398232943;-0,107641620993949;-0,108391405611978;0,551668920183631;0,819954868954799;0,0142451964606601;0,0127111730473041;0,320730405892166;0,652313224599868;0,000423029932742896;0,000428943742049621;0,0111113716666172;0,0245465543493197;0,0164271047227926;0,979812707269086;0,0157705616644924
"vie";-0,200391613812244;-0,488775996721067;-0,381077906074088;0,0272964914118839;-0,307377937122845;-0,749726771141479;-0,58453015285308;0,0418697123160932;0,106953036730376;0,559940298648774;0,331540577236775;0,0015660873840749;0,000535973701767538;0,00318863005607674;0,00193825956516586;9,94484575378609e-06;0,013347022587269;0,446534722911263;0,00266130632849147
"homme";-0,0621223602630702;0,133712676233029;0,039787524280546;-0,752938898991442;-0,0808600963135911;0,174043932535161;0,0517884869760306;-0,98004505355039;0,0082401150271205;0,0335946786373003;0,00289738579250606;0,955267820543074;6,33952795836498e-05;0,000293701515981912;2,60048803018486e-05;0,00931280469181838;0,0164271047227926;0,498716300834401;0,00408571579002791
"violence";-0,697249690232628;-2,8617639938935;-2,89220285099088;1,51990347171444;-0,158503527949303;-0,650555598008326;-0,657475165423364;0,345514764343253;0,029134837487687;0,431908270604081;0,429703166585401;0,109253725322832;0,00598961557120528;0,100899710350045;0,103057544122544;0,0284612718274697;0,0123203285420945;2,97683170747895;0,109176924205158
"politique";-0,0621223602630702;0,133712676233029;0,039787524280546;-0,752938898991442;-0,0808600963135911;0,174043932535161;0,0517884869760306;-0,98004505355039;0,0082401150271205;0,0335946786373003;0,00289738579250606;0,955267820543074;5,94330746096717e-05;0,000275345171233042;2,43795752829831e-05;0,00873075439857973;0,0154004106776181;0,498716300834401;0,00383035855315116
"pays";-0,0621223602630702;0,133712676233029;0,0397875242805461;-0,752938898991441;-0,0808600963135911;0,174043932535161;0,0517884869760308;-0,98004505355039;0,0082401150271205;0,0335946786373003;0,00289738579250607;0,955267820543074;5,15086646617154e-05;0,000238632481735304;2,11289652452521e-05;0,00756665381210243;0,013347022587269;0,498716300834401;0,00331964407939767
"ministre";-0,096731499003216;0,0989076890999731;0,822250992985069;0,607776796573291;-0,0937494574335268;0,0958585598763248;0,796902614565769;0,589040235151724;0,0105250694576983;0,00968360787479552;0,65188811377447;0,327903208893038;0,000115281103483481;0,000120526459504274;0,00832973341435235;0,00455103861748943;0,0123203285420945;0,687112240791317;0,00581671332376097
"enfant";-0,0621223602630702;0,133712676233029;0,0397875242805461;-0,752938898991441;-0,0808600963135911;0,174043932535161;0,0517884869760308;-0,98004505355039;0,0082401150271205;0,0335946786373003;0,00289738579250607;0,955267820543074;5,15086646617154e-05;0,000238632481735304;2,11289652452521e-05;0,00756665381210243;0,013347022587269;0,498716300834401;0,00331964407939767
"combat";-0,0621223602630702;0,133712676233029;0,0397875242805459;-0,752938898991442;-0,0808600963135911;0,174043932535161;0,0517884869760305;-0,98004505355039;0,0082401150271205;0,0335946786373003;0,00289738579250605;0,955267820543074;4,35842547137592e-05;0,000201919792237565;1,78783552075209e-05;0,00640255322562514;0,0112936344969199;0,498716300834401;0,00280892960564418
"société";-0,0695386042788157;0,126254464704517;0,207458267574372;-0,46135696422757;-0,132205300577805;0,240032276009248;0,394415201548358;-0,877121949195504;0,0216136607991283;0,0626985983436499;0,164897093337278;0,750790647519945;6,95057954729365e-05;0,000229119772083715;0,000618629424013797;0,00305944915624016;0,0143737166324435;0,344694264274619;0,00170780072026026
"liberté";-0,113790324267143;1,00333186519704;-0,581061510696012;-0,281191482590414;-0,0949465297997536;0,837179078726648;-0,484837128254139;-0,23462588452186;0,0103532480340126;0,708342189263593;0,23141168288624;0,0498928798161548;0,000159526544930039;0,0124025646618452;0,0041597430703778;0,000974151743918626;0,0123203285420945;0,814965602291859;0,00818277946101355
"travail";-0,0621223602630702;0,133712676233029;0,0397875242805461;-0,752938898991441;-0,0808600963135911;0,174043932535161;0,0517884869760308;-0,98004505355039;0,0082401150271205;0,0335946786373003;0,00289738579250607;0,955267820543074;5,15086646617154e-05;0,000238632481735304;2,11289652452521e-05;0,00756665381210243;0,013347022587269;0,498716300834401;0,00331964407939767
"temps";1,349009038587;0,0332387194218768;-0,12544687498035;-0,534128801842106;0,926075067634152;0,0228178970312377;-0,0861174535595433;-0,366671647218452;0,88365443435528;0,000472094846089209;0,00655009427113857;0,109323376527492;0,0186840388725814;1,13430438275796e-05;0,000161570004541432;0,00292909216588587;0,0102669404517454;1,04579336423777;0,0112287860439811
"gouvernement";0,999403158186115;0,0323292568246424;0,454389618567604;0,357410503437477;0,865271456500529;0,0279902889150452;0,39340516773061;0,309441794679962;0,781832862163629;0,000719965819137985;0,138536560542965;0,0789106114742681;0,0133310952194055;1,39500523704701e-05;0,00275575875873322;0,00170497893591027;0,013347022587269;0,823675237824894;0,00905516598180354
"france";-0,225531478093912;-0,601955755439994;-0,457598893411294;0,169157471485216;-0,279473891141246;-0,745930983512781;-0,567046979004545;0,209616401094583;0,0889533547621185;0,557654346655243;0,313901249653931;0,0394910489287074;0,000574444480208902;0,00409225672133539;0,00236485032829943;0,000323158882702245;0,0112936344969199;0,551059194803782;0,00342949548044735
"action";-0,0621223602630702;0,133712676233029;0,0397875242805461;-0,752938898991441;-0,0808600963135911;0,174043932535161;0,0517884869760308;-0,98004505355039;0,0082401150271205;0,0335946786373003;0,00289738579250607;0,955267820543074;5,15086646617154e-05;0,000238632481735304;2,11289652452521e-05;0,00756665381210243;0,013347022587269;0,498716300834401;0,00331964407939767
"fille";-0,139107491168471;-0,229375404994429;-0,315605248479627;-0,477442854057395;-0,220079704063212;-0,36289110547912;-0,499313941346789;-0,755354590507218;0,0584753233734641;0,139911445286896;0,258009171433744;0,543604059905896;0,000218541925144814;0,000594192854804868;0,00112492135682419;0,00257440294434823;0,0112936344969199;0,419214653537929;0,00198475378146836
"cas";1,20184665392419;0,0233881770594056;0,316372689700381;0,188187932361444;0,955990006681083;0,0186037573681091;0,25165367707506;0,149691129170348;0,926714941077209;0,00030883658657679;0,055045413130624;0,0179308092055909;0,0163129252310436;6,17769516199502e-06;0,00113039883641765;0,000399960653748698;0,0112936344969199;0,909804811019735;0,00934824716191089
"année";-0,157188745881055;-0,276125709257092;-0,116405485144288;-0,0416785408945702;-0,461043276147566;-0,809891960845546;-0,341423719183305;-0,122245463130188;0,235786462991988;0,64029131149753;0,110840371950934;0,0130818535595489;0,000253678663569393;0,000782807056598891;0,000139119476095246;1,78347101755684e-05;0,0102669404517454;0,235903436790172;0,000571359666215755
"état";-0,0828878435071577;0,112829683953196;0,50926560550326;0,0634905183473981;-0,155815383785878;0,212101072530477;0,957334784124113;0,119351633055937;0,0282074081870254;0,0459955901112036;0,912736268810656;0,0130607328911162;7,05379322512019e-05;0,000130703671262608;0,0026627459645647;4,13865084191098e-05;0,0102669404517454;0,359651190328784;0,0013280182618574
"éducation";-0,0621223602630702;0,133712676233029;0,0397875242805459;-0,752938898991442;-0,0808600963135911;0,174043932535161;0,0517884869760305;-0,98004505355039;0,0082401150271205;0,0335946786373003;0,00289738579250605;0,955267820543074;3,96220497397811e-05;0,000183563447488695;1,62530501886553e-05;0,00582050293238649;0,0102669404517454;0,498716300834401;0,00255357236876744
"lutte";-0,139624306269179;1,43814145967904;-0,891486028184291;-0,0453177743899003;-0,0822095422912449;0,846764824187171;-0,524898997132911;-0,0266827000957067;0,00772859178983493;0,72155505886568;0,270073833622506;0,000642515721980475;0,000160122767155232;0,0169876867190782;0,00652769887842137;1,68681780341183e-05;0,0082135523613963;1,15739898339333;0,0110026481048042
"famille";-0,0621223602630702;0,133712676233029;0,0397875242805459;-0,752938898991442;-0,0808600963135911;0,174043932535161;0,0517884869760306;-0,98004505355039;0,00824011502712049;0,0335946786373003;0,00289738579250605;0,955267820543074;3,5659844765803e-05;0,000165207102739826;1,46277451697898e-05;0,00523845263914784;0,00924024640657084;0,498716300834401;0,0022982151318907
"problème";-0,131340637743362;0,0641027019669169;1,60471446168959;1,96849249213802;-0,0516296246624472;0,0251985866618644;0,630808611644815;0,77380870282144;0,00326328111058046;0,000684064207087308;0,417567695686538;0,578484958995795;0,0001593976058578;3,7969617654142e-05;0,0237946370965107;0,0358056100866878;0,00924024640657084;1,67549883455181;0,0259401099602262
"emploi";-0,0736587398431188;0,122111013855344;0,300608680515387;-0,299367000469864;-0,164573155669977;0,272828383095283;0,671639499665249;-0,668865257207947;0,032540674428653;0,0787001580839156;0,464575314378105;0,424183853109328;5,01339728926964e-05;0,000137782235465113;0,000835000214795501;0,000828116436070751;0,00924024640657084;0,297565969573059;0,000818182295925657
"domaine";-0,0621223602630702;0,133712676233029;0,0397875242805459;-0,752938898991442;-0,0808600963135911;0,174043932535161;0,0517884869760306;-0,98004505355039;0,00824011502712049;0,0335946786373003;0,00289738579250605;0,955267820543074;3,5659844765803e-05;0,000165207102739826;1,46277451697898e-05;0,00523845263914784;0,00924024640657084;0,498716300834401;0,0022982151318907
"tâche";-0,0621223602630702;0,133712676233029;0,039787524280546;-0,752938898991442;-0,0808600963135911;0,174043932535161;0,0517884869760306;-0,98004505355039;0,0082401150271205;0,0335946786373003;0,00289738579250606;0,955267820543074;2,77354348178468e-05;0,000128494413242087;1,13771351320588e-05;0,00407435205267054;0,00718685831622177;0,498716300834401;0,00178750065813721
"nom";-0,183098994542986;-0,436854308552977;-0,518686832914012;-0,320016542666511;-0,237208787008975;-0,565954394725897;-0,671970235446456;-0,414588491314229;0,0653639815423072;0,327437018095156;0,449626749742967;0,157572250619569;0,000240941162852738;0,00137155216458839;0,00193352383415665;0,000736010383020109;0,00718685831622177;0,521902002230994;0,00195756868534809
"monde";-0,0621223602630702;0,133712676233029;0,039787524280546;-0,752938898991442;-0,0808600963135911;0,174043932535161;0,0517884869760306;-0,98004505355039;0,0082401150271205;0,0335946786373003;0,00289738579250606;0,955267820543074;2,77354348178468e-05;0,000128494413242087;1,13771351320588e-05;0,00407435205267054;0,00718685831622177;0,498716300834401;0,00178750065813721
"fois";-0,273831470252923;-0,864779547142481;-0,93754260080993;0,00467522457718732;-0,209905873575187;-0,662897898934827;-0,718674513397572;0,00358379954695589;0,0504408634893261;0,442705141060026;0,506842391949457;1,16035011911356e-05;0,000615882333477432;0,00614245310189696;0,00721959859000778;1,79529567532948e-07;0,0082135523613963;0,888514162848526;0,0064842498364059
"fin";-0,0621223602630702;0,133712676233029;0,0397875242805459;-0,752938898991442;-0,0808600963135911;0,174043932535161;0,0517884869760306;-0,98004505355039;0,0082401150271205;0,0335946786373003;0,00289738579250605;0,955267820543074;3,16976397918249e-05;0,000146850757990956;1,30024401509243e-05;0,00465640234590919;0,0082135523613963;0,498716300834401;0,00204285789501395
"exigence";-0,165949776483508;0,0292977148338606;2,38717793039412;3,32920818770276;-0,0404747807694176;0,00714564737641133;0,582227378895543;0,811986459930007;0,0020160722505251;5,52978433065735e-05;0,357599945730743;0,640328684175426;0,000141372321945206;4,40634545424135e-06;0,0292536882513385;0,0568974700054778;0,00513347022587269;2,69336913328559;0,0372394111300595
"dignité";-0,127014495400844;0,0684533253585488;1,50690652810153;1,79840303019243;-0,0540323880672811;0,0291202718917734;0,641043040406868;0,765046620246514;0,0035698970347068;0,000912485908698889;0,430721805459344;0,56479581159725;0,000132506628681157;3,84875380093909e-05;0,0186510659912525;0,0265647101355673;0,0082135523613963;1,54916506616191;0,019711806178369
"corps";-0,0621223602630702;0,133712676233029;0,039787524280546;-0,752938898991442;-0,0808600963135911;0,174043932535161;0,0517884869760306;-0,98004505355039;0,0082401150271205;0,0335946786373003;0,00289738579250606;0,955267820543074;2,77354348178468e-05;0,000128494413242087;1,13771351320588e-05;0,00407435205267054;0,00718685831622177;0,498716300834401;0,00178750065813721
"cause";-0,0751007872906249;0,120660806058133;0,333211325044742;-0,242670513154667;-0,172239580365205;0,276729011129483;0,764202092536582;-0,55655165359347;0,0352290934925883;0,0800263267740891;0,594466122641544;0,29027845709178;4,63254887200959e-05;0,000119581356210254;0,000911948970333246;0,000483687703940446;0,0082135523613963;0,291585557108541;0,000698333775066104
"autonomie";-0,148645207113435;0,0467002084003887;1,99594619604185;2,64885033992039;-0,0447684174270581;0,0140649972118089;0,601131743172595;0,797771014768515;0,00246161299119729;0,00021381764487806;0,380443990773703;0,616880578590223;0,000136111278836525;1,34347605624625e-05;0,0245408699229606;0,0432222266322158;0,00616016427104723;2,18329930095682;0,0293642454059048
"victime";-0,908958800222481;-3,86025621726901;-3,86953297608136;2,27751759528307;-0,151729010849243;-0,644377784039835;-0,645926317854722;0,380177288386961;0,0267656779992972;0,424824997842975;0,41579768789955;0,132611636258179;0,00593782618430518;0,107095530226641;0,107610881078919;0,0372788550079753;0,00718685831622177;4,04880934879097;0,117813141683778
"serment";-0,186125473872844;2,22079872974665;-1,45025015966319;0,379254900371024;-0,0692992123078333;0,82685942694131;-0,53996474326039;0,141206172979594;0,00550655480610197;0,689881793840279;0,286569054900997;0,018042596452624;0,000177837228051288;0,0253180030700429;0,010796845613979;0,000738368991044331;0,00513347022587269;1,8278396179637;0,0171509120585096
"rôle";-0,0794269296331431;0,116310182666501;0,431019258632808;-0,0725810512090751;-0,172960807238308;0,253278115834892;0,93859147335439;-0,158053159870455;0,0347359813750782;0,0655492081663209;0,876824123176517;0,022890687282086;3,88622411762727e-05;8,33350631945474e-05;0,00114442054196535;3,2451800788179e-05;0,00616016427104723;0,310563377235822;0,000594145449364187
"projet";-0,165949776483508;0,0292977148338606;2,38717793039412;3,32920818770276;-0,0404747807694176;0,00714564737641133;0,582227378895543;0,811986459930007;0,0020160722505251;5,52978433065735e-05;0,357599945730743;0,640328684175426;0,000141372321945206;4,40634545424135e-06;0,0292536882513385;0,0568974700054778;0,00513347022587269;2,69336913328559;0,0372394111300595
"place";-0,203261766922972;-0,531948806017311;-0,611765892446438;-0,247862816612356;-0,233160556451749;-0,610195815437548;-0,701753596164827;-0,28432219752835;0,0626347804753588;0,377512897447519;0,486350986925081;0,0735013351520414;0,000254509317613852;0,00174313880219657;0,00230548772378308;0,000378455703443595;0,00616016427104723;0,591861607810612;0,00215790654702359
"nombre";-0,0794269296331431;0,116310182666501;0,431019258632808;-0,0725810512090751;-0,172960807238308;0,253278115834892;0,93859147335439;-0,158053159870455;0,0347359813750782;0,0655492081663209;0,876824123176517;0,022890687282086;3,88622411762727e-05;8,33350631945474e-05;0,00114442054196535;3,2451800788179e-05;0,00616016427104723;0,310563377235822;0,000594145449364187
"lieu";-0,0621223602630702;0,133712676233029;0,039787524280546;-0,752938898991442;-0,0808600963135911;0,174043932535161;0,0517884869760306;-0,98004505355039;0,0082401150271205;0,0335946786373003;0,00289738579250606;0,955267820543074;1,58488198959124e-05;7,3425378995478e-05;6,50122007546216e-06;0,0023282011729546;0,00410677618069815;0,498716300834401;0,00102142894750698
"situation";-0,0621223602630702;0,133712676233029;0,0397875242805459;-0,752938898991442;-0,0808600963135911;0,174043932535161;0,0517884869760305;-0,98004505355039;0,0082401150271205;0,0335946786373003;0,00289738579250605;0,955267820543074;1,98110248698906e-05;9,17817237443475e-05;8,12652509432767e-06;0,00291025146619325;0,00513347022587269;0,498716300834401;0,00127678618438372
"sexe";-0,0621223602630702;0,133712676233029;0,039787524280546;-0,752938898991442;-0,0808600963135911;0,174043932535161;0,0517884869760307;-0,98004505355039;0,0082401150271205;0,0335946786373003;0,00289738579250607;0,955267820543074;2,37732298438687e-05;0,000110138068493217;9,75183011319326e-06;0,00349230175943189;0,00616016427104723;0,498716300834401;0,00153214342126046
"réforme";-0,114036068373289;0,081505195533445;1,21348272733733;1,28813464435566;-0,0642369719224645;0,0459122015665988;0,68355965788998;0,725611380348237;0,00501987598807208;0,00225666479808843;0,487248857330627;0,505474601883213;8,01081615402716e-05;4,09225681659862e-05;0,00907109032574567;0,0102215042833015;0,00616016427104723;1,17291892695676;0,00847477705880936
"question";-0,0621223602630702;0,133712676233029;0,039787524280546;-0,752938898991442;-0,0808600963135911;0,174043932535161;0,0517884869760307;-0,98004505355039;0,0082401150271205;0,0335946786373003;0,00289738579250607;0,955267820543074;2,37732298438687e-05;0,000110138068493217;9,75183011319326e-06;0,00349230175943189;0,00616016427104723;0,498716300834401;0,00153214342126046
"principe";-0,0621223602630702;0,133712676233029;0,039787524280546;-0,752938898991442;-0,0808600963135911;0,174043932535161;0,0517884869760307;-0,98004505355039;0,0082401150271205;0,0335946786373003;0,00289738579250607;0,955267820543074;2,37732298438687e-05;0,000110138068493217;9,75183011319326e-06;0,00349230175943189;0,00616016427104723;0,498716300834401;0,00153214342126046
"plan";-0,0621223602630702;0,133712676233029;0,039787524280546;-0,752938898991442;-0,0808600963135911;0,174043932535161;0,0517884869760307;-0,98004505355039;0,0082401150271205;0,0335946786373003;0,00289738579250607;0,955267820543074;2,37732298438687e-05;0,000110138068493217;9,75183011319326e-06;0,00349230175943189;0,00616016427104723;0,498716300834401;0,00153214342126046
"ivg";-0,0621223602630702;0,133712676233029;0,0397875242805459;-0,752938898991442;-0,0808600963135911;0,174043932535161;0,0517884869760305;-0,98004505355039;0,0082401150271205;0,0335946786373003;0,00289738579250605;0,955267820543074;1,98110248698906e-05;9,17817237443475e-05;8,12652509432767e-06;0,00291025146619325;0,00513347022587269;0,498716300834401;0,00127678618438372
"formation";-0,0621223602630702;0,133712676233029;0,039787524280546;-0,752938898991442;-0,0808600963135911;0,174043932535161;0,0517884869760307;-0,98004505355039;0,0082401150271205;0,0335946786373003;0,00289738579250607;0,955267820543074;2,37732298438687e-05;0,000110138068493217;9,75183011319326e-06;0,00349230175943189;0,00616016427104723;0,498716300834401;0,00153214342126046
"exemple";-0,0621223602630702;0,133712676233029;0,039787524280546;-0,752938898991442;-0,0808600963135911;0,174043932535161;0,0517884869760307;-0,98004505355039;0,0082401150271205;0,0335946786373003;0,00289738579250607;0,955267820543074;2,37732298438687e-05;0,000110138068493217;9,75183011319326e-06;0,00349230175943189;0,00616016427104723;0,498716300834401;0,00153214342126046
"développement";-0,0621223602630702;0,133712676233029;0,039787524280546;-0,752938898991442;-0,0808600963135911;0,174043932535161;0,0517884869760307;-0,98004505355039;0,0082401150271205;0,0335946786373003;0,00289738579250607;0,955267820543074;2,37732298438687e-05;0,000110138068493217;9,75183011319326e-06;0,00349230175943189;0,00616016427104723;0,498716300834401;0,00153214342126046
"condition";-0,0621223602630702;0,133712676233029;0,039787524280546;-0,752938898991442;-0,0808600963135911;0,174043932535161;0,0517884869760307;-0,98004505355039;0,0082401150271205;0,0335946786373003;0,00289738579250607;0,955267820543074;2,37732298438687e-05;0,000110138068493217;9,75183011319326e-06;0,00349230175943189;0,00616016427104723;0,498716300834401;0,00153214342126046
"chômage";-0,0621223602630702;0,133712676233029;0,039787524280546;-0,752938898991442;-0,0808600963135911;0,174043932535161;0,0517884869760307;-0,98004505355039;0,0082401150271205;0,0335946786373003;0,00289738579250607;0,955267820543074;2,37732298438687e-05;0,000110138068493217;9,75183011319326e-06;0,00349230175943189;0,00616016427104723;0,498716300834401;0,00153214342126046
"statut";-0,165949776483508;0,0292977148338606;2,38717793039412;3,32920818770276;-0,0404747807694176;0,00714564737641133;0,582227378895543;0,811986459930007;0,0020160722505251;5,52978433065735e-05;0,357599945730743;0,640328684175426;0,000141372321945206;4,40634545424135e-06;0,0292536882513385;0,0568974700054778;0,00513347022587269;2,69336913328559;0,0372394111300595
"salaire";-0,0621223602630702;0,133712676233029;0,0397875242805459;-0,752938898991442;-0,0808600963135911;0,174043932535161;0,0517884869760305;-0,98004505355039;0,0082401150271205;0,0335946786373003;0,00289738579250605;0,955267820543074;1,98110248698906e-05;9,17817237443475e-05;8,12652509432767e-06;0,00291025146619325;0,00513347022587269;0,498716300834401;0,00127678618438372
"république";-0,0621223602630702;0,133712676233029;0,0397875242805459;-0,752938898991442;-0,0808600963135911;0,174043932535161;0,0517884869760305;-0,98004505355039;0,0082401150271205;0,0335946786373003;0,00289738579250605;0,955267820543074;1,98110248698906e-05;9,17817237443475e-05;8,12652509432767e-06;0,00291025146619325;0,00513347022587269;0,498716300834401;0,00127678618438372
"réalité";-0,25225513149904;-0,685964094747213;-0,272598494569121;0,669581817202301;-0,245379128616061;-0,667265997051151;-0,265167969673892;0,651330269738773;0,0710796093381397;0,46254685382642;0,0711519871244505;0,395221549710991;0,000326656321188901;0,00241553767598749;0,000381467860581886;0,00230153906533848;0,00513347022587269;0,689508693765475;0,00244056590748548
"responsabilité";2,76014043743708;-0,0672352373892755;-0,290681274241246;-0,315318704692772;0,987857205183178;-0,0240635631420517;-0,104035137950327;-0,112852900575238;0,980076516157208;0,000511775461783033;0,0093176597745123;0,0100940486064967;0,0391087024351916;2,32062481868184e-05;0,000433755663216192;0,000510399823044802;0,00513347022587269;2,03176484270901;0,0211913160989136
"prostitution";-0,103653326751245;0,0919466916733618;0,978743686725973;0,879919935686238;-0,0783233051911297;0,0694774496773294;0,739565654880527;0,664891709958403;0,00740795301435503;0,00512969913327881;0,566167310371967;0,4212950374804;5,51540664609877e-05;4,33993537457713e-05;0,00491755238350077;0,00397463600214616;0,00513347022587269;0,877619751167985;0,00395388309876877
"progrès";-0,0828878435071577;0,112829683953195;0,50926560550326;0,0634905183473981;-0,155815383785878;0,212101072530477;0,957334784124113;0,119351633055937;0,0282074081870254;0,0459955901112036;0,912736268810656;0,0130607328911162;3,52689661256009e-05;6,53518356313038e-05;0,00133137298228235;2,06932542095549e-05;0,00513347022587269;0,359651190328784;0,000664009130928701
"organisation";-0,0828878435071577;0,112829683953195;0,50926560550326;0,0634905183473981;-0,155815383785878;0,212101072530477;0,957334784124113;0,119351633055937;0,0282074081870254;0,0459955901112036;0,912736268810656;0,0130607328911162;3,52689661256009e-05;6,53518356313038e-05;0,00133137298228235;2,06932542095549e-05;0,00513347022587269;0,359651190328784;0,000664009130928701
"oeuvre";-0,0621223602630702;0,133712676233029;0,0397875242805459;-0,752938898991442;-0,0808600963135911;0,174043932535161;0,0517884869760305;-0,98004505355039;0,0082401150271205;0,0335946786373003;0,00289738579250605;0,955267820543074;1,98110248698906e-05;9,17817237443475e-05;8,12652509432767e-06;0,00291025146619325;0,00513347022587269;0,498716300834401;0,00127678618438372
"objectif";-0,124418809995333;0,071063699393528;1,44822176794869;1,69634935302508;-0,0556669644106495;0,0317950350527948;0,647957568619662;0,758973816470497;0,0037861054039371;0,00108693653803185;0,439709521874992;0,555417436183041;7,94663258760508e-05;2,59242780877501e-05;0,0107666647287496;0,0147720797100031;0,00513347022587269;1,47354005562241;0,0111464080879039
"moyen";-0,0621223602630702;0,133712676233029;0,0397875242805459;-0,752938898991442;-0,0808600963135911;0,174043932535161;0,0517884869760305;-0,98004505355039;0,0082401150271205;0,0335946786373003;0,00289738579250605;0,955267820543074;1,98110248698906e-05;9,17817237443475e-05;8,12652509432767e-06;0,00291025146619325;0,00513347022587269;0,498716300834401;0,00127678618438372
"mouvement";-0,0621223602630702;0,133712676233029;0,039787524280546;-0,752938898991442;-0,0808600963135911;0,174043932535161;0,0517884869760306;-0,98004505355039;0,0082401150271205;0,0335946786373003;0,00289738579250606;0,955267820543074;1,58488198959124e-05;7,3425378995478e-05;6,50122007546216e-06;0,0023282011729546;0,00410677618069815;0,498716300834401;0,00102142894750698
"moment";-0,0621223602630702;0,133712676233029;0,0397875242805459;-0,752938898991442;-0,0808600963135911;0,174043932535161;0,0517884869760305;-0,98004505355039;0,0082401150271205;0,0335946786373003;0,00289738579250605;0,955267820543074;1,98110248698906e-05;9,17817237443475e-05;8,12652509432767e-06;0,00291025146619325;0,00513347022587269;0,498716300834401;0,00127678618438372
"mois";-0,231489648254952;-0,665081102467379;-0,742076575791835;-0,146847600136538;-0,223981925624706;-0,643511047471037;-0,718009386855111;-0,142085006823821;0,0575036836963978;0,41770500843824;0,506529888757659;0,0182614191077041;0,000275089616269002;0,00227070263274756;0,00282688729126763;0,000110699269331934;0,00513347022587269;0,703486867605766;0,00254052244811999
"jour";-0,124418809995333;0,071063699393528;1,44822176794869;1,69634935302508;-0,0556669644106495;0,0317950350527948;0,647957568619662;0,758973816470497;0,0037861054039371;0,00108693653803185;0,439709521874992;0,555417436183041;7,94663258760508e-05;2,59242780877501e-05;0,0107666647287496;0,0147720797100031;0,00513347022587269;1,47354005562241;0,0111464080879039
"essentiel";-0,165949776483508;0,0292977148338606;2,38717793039412;3,32920818770276;-0,0404747807694176;0,00714564737641133;0,582227378895543;0,811986459930007;0,0020160722505251;5,52978433065735e-05;0,357599945730743;0,640328684175426;0,000141372321945206;4,40634545424135e-06;0,0292536882513385;0,0568974700054778;0,00513347022587269;2,69336913328559;0,0372394111300595
"engagement";-0,0828878435071577;0,112829683953195;0,50926560550326;0,0634905183473981;-0,155815383785878;0,212101072530477;0,957334784124113;0,119351633055937;0,0282074081870254;0,0459955901112036;0,912736268810656;0,0130607328911162;3,52689661256009e-05;6,53518356313038e-05;0,00133137298228235;2,06932542095549e-05;0,00513347022587269;0,359651190328784;0,000664009130928701
"discrimination";-0,0828878435071577;0,112829683953195;0,50926560550326;0,0634905183473981;-0,155815383785878;0,212101072530477;0,957334784124113;0,119351633055937;0,0282074081870254;0,0459955901112036;0,912736268810656;0,0130607328911162;3,52689661256009e-05;6,53518356313038e-05;0,00133137298228235;2,06932542095549e-05;0,00513347022587269;0,359651190328784;0,000664009130928701
"cours";-0,0621223602630702;0,133712676233029;0,0397875242805459;-0,752938898991442;-0,0808600963135911;0,174043932535161;0,0517884869760305;-0,98004505355039;0,0082401150271205;0,0335946786373003;0,00289738579250605;0,955267820543074;1,98110248698906e-05;9,17817237443475e-05;8,12652509432767e-06;0,00291025146619325;0,00513347022587269;0,498716300834401;0,00127678618438372
"conjoint";-0,114036068373289;0,0815051955334449;1,21348272733733;1,28813464435566;-0,0642369719224645;0,0459122015665987;0,68355965788998;0,725611380348237;0,00501987598807208;0,00225666479808842;0,487248857330627;0,505474601883213;5,34054410268477e-05;2,72817121106574e-05;0,00604739355049711;0,00681433618886767;0,00410677618069815;1,17291892695675;0,00564985137253957
"chose";-0,0621223602630702;0,133712676233029;0,0397875242805459;-0,752938898991442;-0,0808600963135911;0,174043932535161;0,0517884869760305;-0,98004505355039;0,0082401150271205;0,0335946786373003;0,00289738579250605;0,955267820543074;1,98110248698906e-05;9,17817237443475e-05;8,12652509432767e-06;0,00291025146619325;0,00513347022587269;0,498716300834401;0,00127678618438372
"choix";-0,0621223602630702;0,133712676233029;0,0397875242805459;-0,752938898991442;-0,0808600963135911;0,174043932535161;0,0517884869760305;-0,98004505355039;0,0082401150271205;0,0335946786373003;0,00289738579250605;0,955267820543074;1,98110248698906e-05;9,17817237443475e-05;8,12652509432767e-06;0,00291025146619325;0,00513347022587269;0,498716300834401;0,00127678618438372
"activité";-0,0828878435071577;0,112829683953195;0,50926560550326;0,0634905183473981;-0,155815383785878;0,212101072530477;0,957334784124113;0,119351633055937;0,0282074081870254;0,0459955901112036;0,912736268810656;0,0130607328911162;3,52689661256009e-05;6,53518356313038e-05;0,00133137298228235;2,06932542095549e-05;0,00513347022587269;0,359651190328784;0,000664009130928701
"acte";-0,90895880022248;-3,86025621726901;-3,86953297608136;2,27751759528307;-0,151729010849243;-0,644377784039835;-0,645926317854723;0,380177288386961;0,0267656779992971;0,424824997842975;0,41579768789955;0,132611636258179;0,00339304353388867;0,0611974458437949;0,0614919320450967;0,0213022028617002;0,00410677618069815;4,04880934879097;0,0673217952478733
"étape";-0,139992922428398;0,0554014551836527;1,80033032886572;2,30867141602921;-0,0477543507201872;0,0188985305496573;0,6141282319527;0,787533416591962;0,00279698906849294;0,0003854862607648;0,396513628928941;0,600303895741802;8,04846748667085e-05;1,26050153448307e-05;0,0133108389857649;0,0218889679966748;0,00410677618069815;1,92900320019723;0,0152815332499842
"école";-0,273831470252923;-0,864779547142481;-0,93754260080993;0,00467522457718746;-0,209905873575187;-0,662897898934827;-0,718674513397572;0,00358379954695599;0,0504408634893261;0,442705141060026;0,506842391949457;1,16035011911363e-05;0,000307941166738716;0,00307122655094848;0,00360979929500389;8,97647837664792e-08;0,00410677618069815;0,888514162848526;0,00324212491820295
"service";-0,0621223602630702;0,133712676233029;0,039787524280546;-0,752938898991442;-0,0808600963135911;0,174043932535161;0,0517884869760306;-0,98004505355039;0,0082401150271205;0,0335946786373003;0,00289738579250606;0,955267820543074;1,58488198959124e-05;7,3425378995478e-05;6,50122007546216e-06;0,0023282011729546;0,00410677618069815;0,498716300834401;0,00102142894750698
"reconnaissance";-0,114036068373289;0,0815051955334449;1,21348272733733;1,28813464435566;-0,0642369719224645;0,0459122015665987;0,68355965788998;0,725611380348237;0,00501987598807208;0,00225666479808842;0,487248857330627;0,505474601883213;5,34054410268477e-05;2,72817121106574e-05;0,00604739355049711;0,00681433618886767;0,00410677618069815;1,17291892695675;0,00564985137253957
"protection";-0,0621223602630702;0,133712676233029;0,039787524280546;-0,752938898991442;-0,0808600963135911;0,174043932535161;0,0517884869760306;-0,98004505355039;0,0082401150271205;0,0335946786373003;0,00289738579250606;0,955267820543074;1,58488198959124e-05;7,3425378995478e-05;6,50122007546216e-06;0,0023282011729546;0,00410677618069815;0,498716300834401;0,00102142894750698
"programme";-0,0621223602630702;0,133712676233029;0,039787524280546;-0,752938898991442;-0,0808600963135911;0,174043932535161;0,0517884869760306;-0,98004505355039;0,0082401150271205;0,0335946786373003;0,00289738579250606;0,955267820543074;1,58488198959124e-05;7,3425378995478e-05;6,50122007546216e-06;0,0023282011729546;0,00410677618069815;0,498716300834401;0,00102142894750698
"police";-0,273831470252923;-0,864779547142481;-0,93754260080993;0,00467522457718746;-0,209905873575187;-0,662897898934827;-0,718674513397572;0,00358379954695599;0,0504408634893261;0,442705141060026;0,506842391949457;1,16035011911363e-05;0,000307941166738716;0,00307122655094848;0,00360979929500389;8,97647837664792e-08;0,00410677618069815;0,888514162848526;0,00324212491820295
"part";-0,0621223602630702;0,133712676233029;0,0397875242805459;-0,752938898991442;-0,0808600963135911;0,174043932535161;0,0517884869760305;-0,98004505355039;0,0082401150271205;0,0335946786373003;0,00289738579250605;0,955267820543074;1,18866149219343e-05;5,50690342466086e-05;4,8759150565966e-06;0,00174615087971595;0,00308008213552361;0,498716300834401;0,000766071710630232
"objet";-0,511497434297885;-1,88937551086778;-1,32802512437201;1,78282611981937;-0,172686062843223;-0,637869901834442;-0,44835304090915;0,601897883981115;0,0352450711125331;0,423190574132725;0,203656918864596;0,337907435890146;0,00107445431331958;0,0146601224684472;0,00724291881299097;0,0130532606714997;0,00410677618069815;1,98548457259623;0,0161895235647541
"mère";-0,26879421627936;3,61218943208907;-2,44360861562568;1,13405076661267;-0,0595449488626015;0,800194431238173;-0,541323217708001;0,251221904400517;0,00408472604519799;0,649160492038477;0,289375330910016;0,0573794510063112;0,000222536952890869;0,0401886421764763;0,0183918574939222;0,00396120474719131;0,00308008213552361;3,0648604525116;0,0289323498769084
"mesure";-0,0621223602630702;0,133712676233029;0,039787524280546;-0,752938898991442;-0,0808600963135911;0,174043932535161;0,0517884869760306;-0,98004505355039;0,0082401150271205;0,0335946786373003;0,00289738579250606;0,955267820543074;1,58488198959124e-05;7,3425378995478e-05;6,50122007546216e-06;0,0023282011729546;0,00410677618069815;0,498716300834401;0,00102142894750698
"législation";-0,0621223602630702;0,133712676233029;0,039787524280546;-0,752938898991442;-0,0808600963135911;0,174043932535161;0,0517884869760306;-0,98004505355039;0,0082401150271205;0,0335946786373003;0,00289738579250606;0,955267820543074;1,58488198959124e-05;7,3425378995478e-05;6,50122007546216e-06;0,0023282011729546;0,00410677618069815;0,498716300834401;0,00102142894750698
"inégalité";-0,0621223602630702;0,133712676233029;0,039787524280546;-0,752938898991442;-0,0808600963135911;0,174043932535161;0,0517884869760306;-0,98004505355039;0,0082401150271205;0,0335946786373003;0,00289738579250606;0,955267820543074;1,58488198959124e-05;7,3425378995478e-05;6,50122007546216e-06;0,0023282011729546;0,00410677618069815;0,498716300834401;0,00102142894750698
"information";-0,0621223602630702;0,133712676233029;0,039787524280546;-0,752938898991442;-0,0808600963135911;0,174043932535161;0,0517884869760306;-0,98004505355039;0,0082401150271205;0,0335946786373003;0,00289738579250606;0,955267820543074;1,58488198959124e-05;7,3425378995478e-05;6,50122007546216e-06;0,0023282011729546;0,00410677618069815;0,498716300834401;0,00102142894750698
"façon";-0,485540580242775;-1,86327177051799;-1,91487272590041;0,762289348145816;-0,172145541598653;-0,660611988231591;-0,678906801832696;0,27026518077198;0,0342032806444657;0,443258483693886;0,456007136155508;0,0665310995061411;0,000968171068018443;0,0142578303523994;0,0150584704574836;0,00238638624351775;0,00410677618069815;1,91321555839737;0,015032417958496
"décision";9,34542029873741;-0,536113702507986;-1,06177513745876;0,705795082004125;0,989225229015995;-0,0567483519402253;-0,112390317389795;0,0747093527434203;0,981872660777541;0,00284353944289004;0,0108641989353537;0,00441960084421564;0,26900476558538;0,000885270745431689;0,0034723812398118;0,00153433274470598;0,00308008213552361;6,8729551046726;0,145495416439975
"doute";-0,0880792143181795;0,107608935883237;0,626635125808938;0,267597872682108;-0,126654982266155;0,154738072671002;0,90108048035006;0,384796845446178;0,0188734030310814;0,0247906534177361;0,818856753840754;0,13747918971043;3,18601560365824e-05;4,75551666608732e-05;0,00161261429526728;0,000294080580960943;0,00410677618069815;0,467219088503799;0,000896483271713843
"disposition";-0,511497434297885;-1,88937551086778;-1,32802512437201;1,78282611981937;-0,172686062843223;-0,637869901834442;-0,44835304090915;0,601897883981115;0,0352450711125331;0,423190574132725;0,203656918864596;0,337907435890146;0,00107445431331958;0,0146601224684472;0,00724291881299097;0,0130532606714997;0,00410677618069815;1,98548457259623;0,0161895235647541
"collectif";-0,0880792143181795;0,107608935883237;0,626635125808938;0,267597872682108;-0,126654982266155;0,154738072671002;0,90108048035006;0,384796845446178;0,0188734030310814;0,0247906534177361;0,818856753840754;0,13747918971043;3,18601560365824e-05;4,75551666608732e-05;0,00161261429526728;0,000294080580960943;0,00410677618069815;0,467219088503799;0,000896483271713843
"chemin";-0,682137928311941;10,5691429438012;-7,41040089543815;4,90803009782089;-0,0493351856784029;0,764406446192452;-0,535952464969312;0,354970111089401;0,00282263875144465;0,596318656728367;0,285541623991414;0,115317080528776;0,00191093286752241;0,458754753866537;0,225519677335156;0,0989271434953418;0,00410677618069815;9,35657279913188;0,359529587455666
"accès";-0,0621223602630702;0,133712676233029;0,039787524280546;-0,752938898991442;-0,0808600963135911;0,174043932535161;0,0517884869760306;-0,98004505355039;0,0082401150271205;0,0335946786373003;0,00289738579250606;0,955267820543074;1,58488198959124e-05;7,3425378995478e-05;6,50122007546216e-06;0,0023282011729546;0,00410677618069815;0,498716300834401;0,00102142894750698
"égard";-0,096731499003216;0,0989076890999731;0,822250992985069;0,607776796573291;-0,0937494574335268;0,0958585598763248;0,796902614565769;0,589040235151724;0,0105250694576983;0,00968360787479552;0,65188811377447;0,327903208893038;2,88202758708702e-05;3,01316148760686e-05;0,00208243335358809;0,00113775965437236;0,00308008213552361;0,687112240791317;0,00145417833094024
"âge";-0,0621223602630702;0,133712676233029;0,0397875242805459;-0,752938898991442;-0,0808600963135911;0,174043932535161;0,0517884869760305;-0,98004505355039;0,0082401150271205;0,0335946786373003;0,00289738579250605;0,955267820543074;1,18866149219343e-05;5,50690342466086e-05;4,8759150565966e-06;0,00174615087971595;0,00308008213552361;0,498716300834401;0,000766071710630232
"à_juste_titre";-0,344401173582874;-1,19761028826765;-1,26331930917342;0,25721326576673;-0,192075950852202;-0,667919137662393;-0,704565710433163;0,143450389788108;0,0423457032738362;0,450608200598166;0,488406558623784;0,0186395375042143;0,000365335220837558;0,00441767064444926;0,00491573617124357;0,000203774119362587;0,00308008213552361;1,21964152008918;0,00458170052625905
"yvetteroudy";-0,096731499003216;0,0989076890999731;0,822250992985069;0,607776796573291;-0,0937494574335268;0,0958585598763248;0,796902614565769;0,589040235151724;0,0105250694576983;0,00968360787479552;0,65188811377447;0,327903208893038;2,88202758708702e-05;3,01316148760686e-05;0,00208243335358809;0,00113775965437236;0,00308008213552361;0,687112240791317;0,00145417833094024
"voie";-0,0621223602630702;0,133712676233029;0,0397875242805459;-0,752938898991442;-0,0808600963135911;0,174043932535161;0,0517884869760305;-0,98004505355039;0,0082401150271205;0,0335946786373003;0,00289738579250605;0,955267820543074;1,18866149219343e-05;5,50690342466086e-05;4,8759150565966e-06;0,00174615087971595;0,00308008213552361;0,498716300834401;0,000766071710630232
"viol";-0,344401173582874;-1,19761028826765;-1,26331930917342;0,25721326576673;-0,192075950852202;-0,667919137662393;-0,704565710433163;0,143450389788108;0,0423457032738362;0,450608200598166;0,488406558623784;0,0186395375042143;0,000365335220837558;0,00441767064444926;0,00491573617124357;0,000203774119362587;0,00308008213552361;1,21964152008918;0,00458170052625905
"versement";14,0491916282377;-0,871026891878494;-1,61255646832841;1,43516207250191;0,98654969150411;-0,0611644665553121;-0,113235489162583;0,10077865953792;0,977602659396158;0,0033068217007512;0,0110398883059293;0,00805063059716077;0,607945950945409;0,00233682088206009;0,00800925573988028;0,00634401491072271;0,00308008213552361;10,354816378006;0,33025325119781
"valeur";-0,379010312323019;-1,23241527540071;-0,480855840468899;1,61792896133146;-0,17844104099952;-0,58023082099884;-0,226390718020466;0,761733701528426;0,0383652162549338;0,356974909840914;0,0529347056294856;0,551725168274667;0,000442450154560142;0,00467817477733368;0,000712183796652108;0,00806271290733606;0,00308008213552361;1,41011474630458;0,00612450800126991
"traitement";-0,0621223602630702;0,133712676233029;0,0397875242805459;-0,752938898991442;-0,0808600963135911;0,174043932535161;0,0517884869760305;-0,98004505355039;0,0082401150271205;0,0335946786373003;0,00289738579250605;0,955267820543074;1,18866149219343e-05;5,50690342466086e-05;4,8759150565966e-06;0,00174615087971595;0,00308008213552361;0,498716300834401;0,000766071710630232
"terme";-0,096731499003216;0,0989076890999731;0,822250992985069;0,607776796573291;-0,0937494574335268;0,0958585598763248;0,796902614565769;0,589040235151724;0,0105250694576983;0,00968360787479552;0,65188811377447;0,327903208893038;2,88202758708702e-05;3,01316148760686e-05;0,00208243335358809;0,00113775965437236;0,00308008213552361;0,687112240791317;0,00145417833094024
"simonedebeauvoir";-0,0621223602630702;0,133712676233029;0,0397875242805459;-0,752938898991442;-0,0808600963135911;0,174043932535161;0,0517884869760305;-0,98004505355039;0,0082401150271205;0,0335946786373003;0,00289738579250605;0,955267820543074;1,18866149219343e-05;5,50690342466086e-05;4,8759150565966e-06;0,00174615087971595;0,00308008213552361;0,498716300834401;0,000766071710630232
"régime";-0,0621223602630702;0,133712676233029;0,0397875242805459;-0,752938898991442;-0,0808600963135911;0,174043932535161;0,0517884869760305;-0,98004505355039;0,0082401150271205;0,0335946786373003;0,00289738579250605;0,955267820543074;1,18866149219343e-05;5,50690342466086e-05;4,8759150565966e-06;0,00174615087971595;0,00308008213552361;0,498716300834401;0,000766071710630232
"réduction";-0,0621223602630702;0,133712676233029;0,0397875242805459;-0,752938898991442;-0,0808600963135911;0,174043932535161;0,0517884869760305;-0,98004505355039;0,0082401150271205;0,0335946786373003;0,00289738579250605;0,955267820543074;1,18866149219343e-05;5,50690342466086e-05;4,8759150565966e-06;0,00174615087971595;0,00308008213552361;0,498716300834401;0,000766071710630232
"règle";-0,131340637743362;0,0641027019669168;1,60471446168959;1,96849249213802;-0,0516296246624472;0,0251985866618643;0,630808611644815;0,77380870282144;0,00326328111058047;0,000684064207087307;0,417567695686538;0,578484958995795;5,31325352859333e-05;1,26565392180473e-05;0,00793154569883691;0,0119352033622293;0,00308008213552361;1,67549883455181;0,0086467033200754
"respect";-0,096731499003216;0,0989076890999731;0,822250992985069;0,607776796573291;-0,0937494574335268;0,0958585598763248;0,796902614565769;0,589040235151724;0,0105250694576983;0,00968360787479552;0,65188811377447;0,327903208893038;2,88202758708702e-05;3,01316148760686e-05;0,00208243335358809;0,00113775965437236;0,00308008213552361;0,687112240791317;0,00145417833094024
"quota";-0,0621223602630702;0,133712676233029;0,0397875242805459;-0,752938898991442;-0,0808600963135911;0,174043932535161;0,0517884869760305;-0,98004505355039;0,0082401150271205;0,0335946786373003;0,00289738579250605;0,955267820543074;1,18866149219343e-05;5,50690342466086e-05;4,8759150565966e-06;0,00174615087971595;0,00308008213552361;0,498716300834401;0,000766071710630232
"présent";-0,0621223602630702;0,133712676233029;0,0397875242805459;-0,752938898991442;-0,0808600963135911;0,174043932535161;0,0517884869760305;-0,98004505355039;0,0082401150271205;0,0335946786373003;0,00289738579250605;0,955267820543074;1,18866149219343e-05;5,50690342466086e-05;4,8759150565966e-06;0,00174615087971595;0,00308008213552361;0,498716300834401;0,000766071710630232
"pierremauroy";-0,096731499003216;0,0989076890999731;0,822250992985069;0,607776796573291;-0,0937494574335268;0,0958585598763248;0,796902614565769;0,589040235151724;0,0105250694576983;0,00968360787479552;0,65188811377447;0,327903208893038;2,88202758708702e-05;3,01316148760686e-05;0,00208243335358809;0,00113775965437236;0,00308008213552361;0,687112240791317;0,00145417833094024
"nation";-0,0621223602630702;0,133712676233029;0,0397875242805459;-0,752938898991442;-0,0808600963135911;0,174043932535161;0,0517884869760305;-0,98004505355039;0,0082401150271205;0,0335946786373003;0,00289738579250605;0,955267820543074;1,18866149219343e-05;5,50690342466086e-05;4,8759150565966e-06;0,00174615087971595;0,00308008213552361;0,498716300834401;0,000766071710630232
"mixité";-0,096731499003216;0,0989076890999731;0,822250992985069;0,607776796573291;-0,0937494574335268;0,0958585598763248;0,796902614565769;0,589040235151724;0,0105250694576983;0,00968360787479552;0,65188811377447;0,327903208893038;2,88202758708702e-05;3,01316148760686e-05;0,00208243335358809;0,00113775965437236;0,00308008213552361;0,687112240791317;0,00145417833094024
"mari";-0,0621223602630702;0,133712676233029;0,0397875242805459;-0,752938898991442;-0,0808600963135911;0,174043932535161;0,0517884869760305;-0,98004505355039;0,0082401150271205;0,0335946786373003;0,00289738579250605;0,955267820543074;1,18866149219343e-05;5,50690342466086e-05;4,8759150565966e-06;0,00174615087971595;0,00308008213552361;0,498716300834401;0,000766071710630232
"manière";-0,344401173582874;-1,19761028826765;-1,26331930917342;0,25721326576673;-0,192075950852202;-0,667919137662393;-0,704565710433163;0,143450389788108;0,0423457032738362;0,450608200598166;0,488406558623784;0,0186395375042143;0,000365335220837558;0,00441767064444926;0,00491573617124357;0,000203774119362587;0,00308008213552361;1,21964152008918;0,00458170052625905
"ligne";-0,0621223602630702;0,133712676233029;0,0397875242805459;-0,752938898991442;-0,0808600963135911;0,174043932535161;0,0517884869760305;-0,98004505355039;0,0082401150271205;0,0335946786373003;0,00289738579250605;0,955267820543074;1,18866149219343e-05;5,50690342466086e-05;4,8759150565966e-06;0,00174615087971595;0,00308008213552361;0,498716300834401;0,000766071710630232
"internet";-0,096731499003216;0,0989076890999731;0,822250992985069;0,607776796573291;-0,0937494574335268;0,0958585598763248;0,796902614565769;0,589040235151724;0,0105250694576983;0,00968360787479552;0,65188811377447;0,327903208893038;2,88202758708702e-05;3,01316148760686e-05;0,00208243335358809;0,00113775965437236;0,00308008213552361;0,687112240791317;0,00145417833094024
"initiative";-0,303403355019506;3,57738444495602;-1,66114514692116;2,4947664621774;-0,0648733376631283;0,764912006439527;-0,355184042103803;0,533427941431556;0,00494084926513865;0,604477340595117;0,126955384386283;0,263626425753463;0,00028353263604854;0,0394179039025049;0,00849918849837699;0,0191699990784553;0,00308008213552361;3,14551549886339;0,0304751573519193
"guerre";-0,626679986902677;-2,52893325276833;-2,56642614262739;1,2673654305249;-0,161910709583644;-0,65338192698498;-0,66306868981177;0,327439906246655;0,0303632766431287;0,435130643702819;0,436505419930057;0,0980006597239957;0,00120963389933575;0,0196986757606491;0,0202870938774989;0,00494727454154899;0,00308008213552361;2,62085962403658;0,0211567921013506
"garçon";-0,0621223602630702;0,133712676233029;0,0397875242805459;-0,752938898991442;-0,0808600963135911;0,174043932535161;0,0517884869760305;-0,98004505355039;0,0082401150271205;0,0335946786373003;0,00289738579250605;0,955267820543074;1,18866149219343e-05;5,50690342466086e-05;4,8759150565966e-06;0,00174615087971595;0,00308008213552361;0,498716300834401;0,000766071710630232
"forme";-0,096731499003216;0,0989076890999731;0,822250992985069;0,607776796573291;-0,0937494574335268;0,0958585598763248;0,796902614565769;0,589040235151724;0,0105250694576983;0,00968360787479552;0,65188811377447;0,327903208893038;2,88202758708702e-05;3,01316148760686e-05;0,00208243335358809;0,00113775965437236;0,00308008213552361;0,687112240791317;0,00145417833094024
"fait";-0,096731499003216;0,0989076890999731;0,822250992985069;0,607776796573291;-0,0937494574335268;0,0958585598763248;0,796902614565769;0,589040235151724;0,0105250694576983;0,00968360787479552;0,65188811377447;0,327903208893038;2,88202758708702e-05;3,01316148760686e-05;0,00208243335358809;0,00113775965437236;0,00308008213552361;0,687112240791317;0,00145417833094024
"effort";-0,096731499003216;0,0989076890999731;0,822250992985069;0,607776796573291;-0,0937494574335268;0,0958585598763248;0,796902614565769;0,589040235151724;0,0105250694576983;0,00968360787479552;0,65188811377447;0,327903208893038;2,88202758708702e-05;3,01316148760686e-05;0,00208243335358809;0,00113775965437236;0,00308008213552361;0,687112240791317;0,00145417833094024
"domestique";-0,344401173582874;-1,19761028826765;-1,26331930917342;0,25721326576673;-0,192075950852202;-0,667919137662393;-0,704565710433163;0,143450389788108;0,0423457032738362;0,450608200598166;0,488406558623784;0,0186395375042143;0,000365335220837558;0,00441767064444926;0,00491573617124357;0,000203774119362587;0,00308008213552361;1,21964152008918;0,00458170052625905
"crise";-0,0621223602630702;0,133712676233029;0,0397875242805459;-0,752938898991442;-0,0808600963135911;0,174043932535161;0,0517884869760305;-0,98004505355039;0,0082401150271205;0,0335946786373003;0,00289738579250605;0,955267820543074;1,18866149219343e-05;5,50690342466086e-05;4,8759150565966e-06;0,00174615087971595;0,00308008213552361;0,498716300834401;0,000766071710630232
"convention";-0,344401173582874;-1,19761028826765;-1,26331930917342;0,25721326576673;-0,192075950852202;-0,667919137662393;-0,704565710433163;0,143450389788108;0,0423457032738362;0,450608200598166;0,488406558623784;0,0186395375042143;0,000365335220837558;0,00441767064444926;0,00491573617124357;0,000203774119362587;0,00308008213552361;1,21964152008918;0,00458170052625905
"contraception";-0,0621223602630702;0,133712676233029;0,0397875242805459;-0,752938898991442;-0,0808600963135911;0,174043932535161;0,0517884869760305;-0,98004505355039;0,0082401150271205;0,0335946786373003;0,00289738579250605;0,955267820543074;1,18866149219343e-05;5,50690342466086e-05;4,8759150565966e-06;0,00174615087971595;0,00308008213552361;0,498716300834401;0,000766071710630232
"conseil";-0,379010312323019;-1,23241527540071;-0,480855840468899;1,61792896133146;-0,17844104099952;-0,58023082099884;-0,226390718020466;0,761733701528426;0,0383652162549338;0,356974909840914;0,0529347056294856;0,551725168274667;0,000442450154560142;0,00467817477733368;0,000712183796652108;0,00806271290733606;0,00308008213552361;1,41011474630458;0,00612450800126991
"changement";-0,096731499003216;0,0989076890999731;0,822250992985069;0,607776796573291;-0,0937494574335268;0,0958585598763248;0,796902614565769;0,589040235151724;0,0105250694576983;0,00968360787479552;0,65188811377447;0,327903208893038;2,88202758708702e-05;3,01316148760686e-05;0,00208243335358809;0,00113775965437236;0,00308008213552361;0,687112240791317;0,00145417833094024
"association";-0,096731499003216;0,0989076890999731;0,822250992985069;0,607776796573291;-0,0937494574335268;0,0958585598763248;0,796902614565769;0,589040235151724;0,0105250694576983;0,00968360787479552;0,65188811377447;0,327903208893038;2,88202758708702e-05;3,01316148760686e-05;0,00208243335358809;0,00113775965437236;0,00308008213552361;0,687112240791317;0,00145417833094024
"agriculteur";-0,131340637743362;0,0641027019669168;1,60471446168959;1,96849249213802;-0,0516296246624472;0,0251985866618643;0,630808611644815;0,77380870282144;0,00326328111058047;0,000684064207087307;0,417567695686538;0,578484958995795;5,31325352859333e-05;1,26565392180473e-05;0,00793154569883691;0,0119352033622293;0,00308008213552361;1,67549883455181;0,0086467033200754
"être";0,0258344422497312;-0,0887462696188486;-0,0999493314605215;0,112485253515293;0,146291272542139;-0,502538610681412;-0,565977571636865;0,636964046674878;NA;NA;NA;NA;NA;NA;NA;NA;NA;0,117836810062781;NA
"avoir";-0,157973730873332;0,116124196618296;-0,232799091354768;0,0914746000111985;-0,497068863868257;0,365388107007192;-0,732509001398863;0,287827446050687;NA;NA;NA;NA;NA;NA;NA;NA;NA;0,21847782000607;NA
"mme";-0,103653326751245;0,0919466916733618;0,978743686725973;0,879919935686238;-0,0783233051911297;0,0694774496773295;0,739565654880527;0,664891709958403;NA;NA;NA;NA;NA;NA;NA;NA;NA;0,877619751167985;NA
"madame";-0,0828878435071576;0,112829683953196;0,509265605503259;0,0634905183473984;-0,155815383785878;0,212101072530478;0,957334784124113;0,119351633055937;NA;NA;NA;NA;NA;NA;NA;NA;NA;0,359651190328784;NA
"monsieur";-0,0621223602630701;0,13371267623303;0,0397875242805457;-0,752938898991441;-0,0808600963135911;0,174043932535162;0,0517884869760303;-0,98004505355039;NA;NA;NA;NA;NA;NA;NA;NA;NA;0,498716300834401;NA
"an";-0,0880792143181795;0,107608935883237;0,626635125808938;0,267597872682108;-0,126654982266155;0,154738072671002;0,901080480350059;0,384796845446178;NA;NA;NA;NA;NA;NA;NA;NA;NA;0,467219088503799;NA
"point";-0,0621223602630701;0,13371267623303;0,0397875242805457;-0,752938898991441;-0,0808600963135911;0,174043932535162;0,0517884869760303;-0,98004505355039;NA;NA;NA;NA;NA;NA;NA;NA;NA;0,498716300834401;NA
"*loc_mitterand";0,331927589945136;-0,00596666807028314;0,29402608506663;0,0688245305968741;0,739629055629407;-0,0132954331118034;0,655173725282036;0,153360624761314;NA;NA;NA;NA;NA;NA;NA;NA;NA;0,316016120164004;NA
"*date_1982";0,331927589945136;-0,00596666807028314;0,29402608506663;0,0688245305968741;0,739629055629407;-0,0132954331118034;0,655173725282036;0,153360624761314;NA;NA;NA;NA;NA;NA;NA;NA;NA;0,316016120164004;NA
"*loc_chirac";-0,332687511136197;0,166673921224825;-1,3769838342442;0,896514179026921;-0,197473409631808;0,0989326813277792;-0,817336640703545;0,532144146653074;NA;NA;NA;NA;NA;NA;NA;NA;NA;1,127712733923;NA
"*date_2006";-0,332687511136197;0,166673921224825;-1,3769838342442;0,896514179026921;-0,197473409631808;0,0989326813277792;-0,817336640703545;0,532144146653074;NA;NA;NA;NA;NA;NA;NA;NA;NA;1,127712733923;NA
"*loc_hollande";-0,172023749838365;0,0249506245667291;-0,436677094813895;-0,0447690178273396;-0,364357465986929;0,0528470420535916;-0,924910425859349;-0,0948236851342904;NA;NA;NA;NA;NA;NA;NA;NA;NA;0,321947674276356;NA
"*date_2017";-0,172023749838365;0,0249506245667291;-0,436677094813895;-0,0447690178273396;-0,364357465986929;0,0528470420535916;-0,924910425859349;-0,0948236851342904;NA;NA;NA;NA;NA;NA;NA;NA;NA;0,321947674276356;NA
